Path;SteerAngle;Throttle;Brake;Speed;X_Position;Y_Position;Pitch;Yaw;Roll
/home/ashim/Desktop/udacity_ws/RoboND-Rover-Project/my_dataset/IMG/robocam_2017_10_14_16_23_36_062.jpg;0;0;1;0;102.887;184.9208;-4.07506E-05;255.1668;3.013804E-06
/home/ashim/Desktop/udacity_ws/RoboND-Rover-Project/my_dataset/IMG/robocam_2017_10_14_16_23_36_122.jpg;0;0;0;0;102.887;184.9208;-5.552784E-05;255.1668;-9.134023E-06
/home/ashim/Desktop/udacity_ws/RoboND-Rover-Project/my_dataset/IMG/robocam_2017_10_14_16_23_36_191.jpg;0;0;0;0;102.887;184.9208;-5.781573E-05;255.1668;-1.801473E-05
/home/ashim/Desktop/udacity_ws/RoboND-Rover-Project/my_dataset/IMG/robocam_2017_10_14_16_23_36_253.jpg;0;0;0;0;102.887;184.9208;-5.426676E-05;255.1668;-2.543605E-05
/home/ashim/Desktop/udacity_ws/RoboND-Rover-Project/my_dataset/IMG/robocam_2017_10_14_16_23_36_319.jpg;0;0;0;0;102.887;184.9208;-4.269202E-05;255.1668;-3.167804E-05
/home/ashim/Desktop/udacity_ws/RoboND-Rover-Project/my_dataset/IMG/robocam_2017_10_14_16_23_36_389.jpg;0;0;0;0;102.887;184.9208;-2.840204E-05;255.1668;-3.562935E-05
/home/ashim/Desktop/udacity_ws/RoboND-Rover-Project/my_dataset/IMG/robocam_2017_10_14_16_23_36_455.jpg;0;0;0;0;102.887;184.9208;-1.037017E-05;255.1668;-3.938951E-05
/home/ashim/Desktop/udacity_ws/RoboND-Rover-Project/my_dataset/IMG/robocam_2017_10_14_16_23_36_527.jpg;0;0;0;0;102.887;184.9208;1.89528E-05;255.1668;-4.307886E-05
/home/ashim/Desktop/udacity_ws/RoboND-Rover-Project/my_dataset/IMG/robocam_2017_10_14_16_23_36_594.jpg;0;0;0;0;102.887;184.9208;4.370855E-05;255.1668;-4.475294E-05
/home/ashim/Desktop/udacity_ws/RoboND-Rover-Project/my_dataset/IMG/robocam_2017_10_14_16_23_36_661.jpg;0;0;0;0;102.887;184.9208;8.063619E-05;255.1668;-4.320124E-05
/home/ashim/Desktop/udacity_ws/RoboND-Rover-Project/my_dataset/IMG/robocam_2017_10_14_16_23_36_727.jpg;0;0;0;0;102.887;184.9208;0.0001090956;255.1668;-4.108379E-05
/home/ashim/Desktop/udacity_ws/RoboND-Rover-Project/my_dataset/IMG/robocam_2017_10_14_16_23_36_794.jpg;0;0;0;0;102.887;184.9208;0.0001377521;255.1668;-3.799899E-05
/home/ashim/Desktop/udacity_ws/RoboND-Rover-Project/my_dataset/IMG/robocam_2017_10_14_16_23_36_861.jpg;0;0;0;0;102.887;184.9208;0.0001756791;255.1668;-3.255041E-05
/home/ashim/Desktop/udacity_ws/RoboND-Rover-Project/my_dataset/IMG/robocam_2017_10_14_16_23_36_927.jpg;0;0;0;0;102.887;184.9208;0.0002031902;255.1668;-2.810801E-05
/home/ashim/Desktop/udacity_ws/RoboND-Rover-Project/my_dataset/IMG/robocam_2017_10_14_16_23_36_988.jpg;0;0;0;0;102.887;184.9208;0.000229643;255.1668;-2.380338E-05
/home/ashim/Desktop/udacity_ws/RoboND-Rover-Project/my_dataset/IMG/robocam_2017_10_14_16_23_37_059.jpg;0;0;0;0;102.887;184.9208;0.0002610284;255.1668;-1.853375E-05
/home/ashim/Desktop/udacity_ws/RoboND-Rover-Project/my_dataset/IMG/robocam_2017_10_14_16_23_37_118.jpg;0;0;0;0;102.887;184.9208;0.0002821607;255.1668;-1.634774E-05
/home/ashim/Desktop/udacity_ws/RoboND-Rover-Project/my_dataset/IMG/robocam_2017_10_14_16_23_37_194.jpg;0;0.1979699;0;0.02065342;102.8869;184.9204;0.008516337;255.0826;3.019547E-05
/home/ashim/Desktop/udacity_ws/RoboND-Rover-Project/my_dataset/IMG/robocam_2017_10_14_16_23_37_252.jpg;0;0.4187758;0;0.0144922;102.8865;184.9189;0.04262075;255.0222;6.062502E-05
/home/ashim/Desktop/udacity_ws/RoboND-Rover-Project/my_dataset/IMG/robocam_2017_10_14_16_23_37_322.jpg;0;0.5885217;0;0.03067655;102.8849;184.9131;0.1641639;255.0249;0.0002411904
/home/ashim/Desktop/udacity_ws/RoboND-Rover-Project/my_dataset/IMG/robocam_2017_10_14_16_23_37_364.jpg;0;0.7039561;0;0.07110458;102.8837;184.9084;0.2609591;255.0355;0.0002852934
/home/ashim/Desktop/udacity_ws/RoboND-Rover-Project/my_dataset/IMG/robocam_2017_10_14_16_23_37_424.jpg;0;0.9212852;0;0.09958624;102.8811;184.8991;0.4384165;254.8921;-0.0005875335
/home/ashim/Desktop/udacity_ws/RoboND-Rover-Project/my_dataset/IMG/robocam_2017_10_14_16_23_37_490.jpg;0;1;0;0.1491453;102.8776;184.8861;0.656628;254.7156;0.0002503522
/home/ashim/Desktop/udacity_ws/RoboND-Rover-Project/my_dataset/IMG/robocam_2017_10_14_16_23_37_562.jpg;0;1;0;0.2272354;102.8713;184.8633;0.9935426;254.8485;-0.002831512
/home/ashim/Desktop/udacity_ws/RoboND-Rover-Project/my_dataset/IMG/robocam_2017_10_14_16_23_37_629.jpg;0;1;0;0.2546734;102.8658;184.8428;1.251279;254.9124;0.0001401056
/home/ashim/Desktop/udacity_ws/RoboND-Rover-Project/my_dataset/IMG/robocam_2017_10_14_16_23_37_686.jpg;0;1;0;0.3375662;102.8601;184.8222;1.337684;254.9521;-0.004916781
/home/ashim/Desktop/udacity_ws/RoboND-Rover-Project/my_dataset/IMG/robocam_2017_10_14_16_23_37_759.jpg;0;1;0;0.3912264;102.8525;184.7949;1.123676;254.8972;-0.0003452444
/home/ashim/Desktop/udacity_ws/RoboND-Rover-Project/my_dataset/IMG/robocam_2017_10_14_16_23_37_818.jpg;0;1;0;0.4438403;102.8455;184.7694;1.042402;254.7507;0.0006033308
/home/ashim/Desktop/udacity_ws/RoboND-Rover-Project/my_dataset/IMG/robocam_2017_10_14_16_23_37_864.jpg;1.394191;1;0;0.4839284;102.8404;184.7505;1.019379;254.7833;-0.0002432306
/home/ashim/Desktop/udacity_ws/RoboND-Rover-Project/my_dataset/IMG/robocam_2017_10_14_16_23_37_916.jpg;4.603905;1;0;0.525356;102.8354;184.7298;1.022886;254.927;0.00288907
/home/ashim/Desktop/udacity_ws/RoboND-Rover-Project/my_dataset/IMG/robocam_2017_10_14_16_23_37_999.jpg;7.54353;1;0;0.5708366;102.8222;184.6702;1.136651;255.3483;0.02026646
/home/ashim/Desktop/udacity_ws/RoboND-Rover-Project/my_dataset/IMG/robocam_2017_10_14_16_23_38_057.jpg;8.108372;1;0;0.6231246;102.8145;184.6316;1.196903;255.7641;0.01654841
/home/ashim/Desktop/udacity_ws/RoboND-Rover-Project/my_dataset/IMG/robocam_2017_10_14_16_23_38_124.jpg;5.35753;1;0;0.677115;102.8059;184.5898;1.248576;256.1975;-0.004413136
/home/ashim/Desktop/udacity_ws/RoboND-Rover-Project/my_dataset/IMG/robocam_2017_10_14_16_23_38_195.jpg;2.12167;1;0;0.7496542;102.7964;184.5464;1.237092;256.5355;-0.0033753
/home/ashim/Desktop/udacity_ws/RoboND-Rover-Project/my_dataset/IMG/robocam_2017_10_14_16_23_38_262.jpg;0;1;0;0.7942342;102.7817;184.484;1.20578;256.5342;-0.0002637811
/home/ashim/Desktop/udacity_ws/RoboND-Rover-Project/my_dataset/IMG/robocam_2017_10_14_16_23_38_328.jpg;0;1;0;0.8514271;102.7696;184.434;1.190049;256.5343;-0.0004999389
/home/ashim/Desktop/udacity_ws/RoboND-Rover-Project/my_dataset/IMG/robocam_2017_10_14_16_23_38_390.jpg;0;1;0;0.8987294;102.7565;184.3801;1.218445;256.5497;-0.001090622
/home/ashim/Desktop/udacity_ws/RoboND-Rover-Project/my_dataset/IMG/robocam_2017_10_14_16_23_38_462.jpg;0;1;0;0.9708379;102.7379;184.3038;1.2461;256.5447;-0.0009415747
/home/ashim/Desktop/udacity_ws/RoboND-Rover-Project/my_dataset/IMG/robocam_2017_10_14_16_23_38_527.jpg;3.022603;1;0;1.013634;102.7241;184.2435;1.239363;256.6784;-0.001965193
/home/ashim/Desktop/udacity_ws/RoboND-Rover-Project/my_dataset/IMG/robocam_2017_10_14_16_23_38_594.jpg;6.017311;1;0;1.0779;102.7109;184.1805;1.218621;257.0217;-0.003376998
/home/ashim/Desktop/udacity_ws/RoboND-Rover-Project/my_dataset/IMG/robocam_2017_10_14_16_23_38_661.jpg;9.036448;1;0;1.119989;102.6952;184.0916;1.210077;257.8429;0.007859404
/home/ashim/Desktop/udacity_ws/RoboND-Rover-Project/my_dataset/IMG/robocam_2017_10_14_16_23_38_728.jpg;12.05087;1;0;1.16905;102.6854;184.0212;1.216299;258.7065;0.0339719
/home/ashim/Desktop/udacity_ws/RoboND-Rover-Project/my_dataset/IMG/robocam_2017_10_14_16_23_38_794.jpg;15;1;0;1.229738;102.6774;183.9483;1.200604;259.8612;0.05173467
/home/ashim/Desktop/udacity_ws/RoboND-Rover-Project/my_dataset/IMG/robocam_2017_10_14_16_23_38_862.jpg;15;1;0;1.267076;102.6698;183.8469;1.165107;261.5602;0.0801338
/home/ashim/Desktop/udacity_ws/RoboND-Rover-Project/my_dataset/IMG/robocam_2017_10_14_16_23_38_929.jpg;12.00026;1;0;1.320609;102.6646;183.7673;1.147074;262.6986;0.07849275
/home/ashim/Desktop/udacity_ws/RoboND-Rover-Project/my_dataset/IMG/robocam_2017_10_14_16_23_38_994.jpg;8.97563;1;0;1.381956;102.6595;183.6845;1.147568;263.6633;0.05737234
/home/ashim/Desktop/udacity_ws/RoboND-Rover-Project/my_dataset/IMG/robocam_2017_10_14_16_23_39_061.jpg;8.979363;1;0;1.429072;102.6531;183.5689;1.20165;264.7308;0.02598748
/home/ashim/Desktop/udacity_ws/RoboND-Rover-Project/my_dataset/IMG/robocam_2017_10_14_16_23_39_125.jpg;11.63469;1;0;1.472723;102.6509;183.4789;1.24151;265.7779;0.0289335
/home/ashim/Desktop/udacity_ws/RoboND-Rover-Project/my_dataset/IMG/robocam_2017_10_14_16_23_39_196.jpg;11.60421;1;0;1.531795;102.6512;183.3871;1.237972;267.0342;0.03268937
/home/ashim/Desktop/udacity_ws/RoboND-Rover-Project/my_dataset/IMG/robocam_2017_10_14_16_23_39_257.jpg;8.667776;1;0;1.579097;102.6525;183.2601;1.236634;268.4044;0.00384697
/home/ashim/Desktop/udacity_ws/RoboND-Rover-Project/my_dataset/IMG/robocam_2017_10_14_16_23_39_333.jpg;5.89596;1;0;1.62653;102.6542;183.1612;1.259353;269.169;359.994
/home/ashim/Desktop/udacity_ws/RoboND-Rover-Project/my_dataset/IMG/robocam_2017_10_14_16_23_39_391.jpg;5.408828;1;0;1.686993;102.6556;183.0597;1.276911;269.707;-0.004630015
/home/ashim/Desktop/udacity_ws/RoboND-Rover-Project/my_dataset/IMG/robocam_2017_10_14_16_23_39_458.jpg;8.16247;1;0;1.732488;102.6605;182.9208;1.261659;270.7036;0.003790118
/home/ashim/Desktop/udacity_ws/RoboND-Rover-Project/my_dataset/IMG/robocam_2017_10_14_16_23_39_530.jpg;4.960685;1;0;1.778353;102.6653;182.8133;1.254504;271.395;-9.548879E-06
/home/ashim/Desktop/udacity_ws/RoboND-Rover-Project/my_dataset/IMG/robocam_2017_10_14_16_23_39_596.jpg;1.943876;1;0;1.838712;102.6701;182.7026;1.280859;271.8242;-0.003677673
/home/ashim/Desktop/udacity_ws/RoboND-Rover-Project/my_dataset/IMG/robocam_2017_10_14_16_23_39_664.jpg;0;1;0;1.883453;102.6754;182.551;1.299478;271.9677;-0.001629888
/home/ashim/Desktop/udacity_ws/RoboND-Rover-Project/my_dataset/IMG/robocam_2017_10_14_16_23_39_730.jpg;0;1;0;1.929442;102.679;182.4344;1.289178;271.9684;-0.001134204
/home/ashim/Desktop/udacity_ws/RoboND-Rover-Project/my_dataset/IMG/robocam_2017_10_14_16_23_39_796.jpg;0;1;0;1.989994;102.6826;182.3149;1.2969;271.9577;-0.001135441
/home/ashim/Desktop/udacity_ws/RoboND-Rover-Project/my_dataset/IMG/robocam_2017_10_14_16_23_39_863.jpg;-2.987595;1;0;2.034751;102.6861;182.1515;1.296458;271.6914;0.0002344993
/home/ashim/Desktop/udacity_ws/RoboND-Rover-Project/my_dataset/IMG/robocam_2017_10_14_16_23_39_923.jpg;-5.99508;1;0;2.078207;102.6864;182.0259;1.295046;271.1369;0.001616421
/home/ashim/Desktop/udacity_ws/RoboND-Rover-Project/my_dataset/IMG/robocam_2017_10_14_16_23_39_993.jpg;-8.470931;1;0;2.121349;102.6839;181.8978;1.289506;270.2439;359.9905
/home/ashim/Desktop/udacity_ws/RoboND-Rover-Project/my_dataset/IMG/robocam_2017_10_14_16_23_40_065.jpg;-4.795285;1;0;2.179105;102.679;181.723;1.285839;269.1656;359.9909
/home/ashim/Desktop/udacity_ws/RoboND-Rover-Project/my_dataset/IMG/robocam_2017_10_14_16_23_40_126.jpg;-2.120254;1;0;2.223677;102.6751;181.5883;1.303473;268.7059;0.0003125987
/home/ashim/Desktop/udacity_ws/RoboND-Rover-Project/my_dataset/IMG/robocam_2017_10_14_16_23_40_193.jpg;0;1;0;2.281475;102.6712;181.4512;1.316164;268.5258;-0.0007984689
/home/ashim/Desktop/udacity_ws/RoboND-Rover-Project/my_dataset/IMG/robocam_2017_10_14_16_23_40_266.jpg;0;1;0;2.326175;102.6658;181.2644;1.323045;268.4706;-0.00127815
/home/ashim/Desktop/udacity_ws/RoboND-Rover-Project/my_dataset/IMG/robocam_2017_10_14_16_23_40_331.jpg;0;1;0;2.383665;102.6615;181.1213;1.325085;268.456;-0.001303317
/home/ashim/Desktop/udacity_ws/RoboND-Rover-Project/my_dataset/IMG/robocam_2017_10_14_16_23_40_392.jpg;0;1;0;2.427798;102.657;180.9756;1.327671;268.4432;-0.001309907
/home/ashim/Desktop/udacity_ws/RoboND-Rover-Project/my_dataset/IMG/robocam_2017_10_14_16_23_40_463.jpg;0;1;0;2.470985;102.6508;180.7772;1.334916;268.428;-0.001326535
/home/ashim/Desktop/udacity_ws/RoboND-Rover-Project/my_dataset/IMG/robocam_2017_10_14_16_23_40_529.jpg;0;1;0;2.514054;102.646;180.6256;1.334341;268.4171;-0.00130359
/home/ashim/Desktop/udacity_ws/RoboND-Rover-Project/my_dataset/IMG/robocam_2017_10_14_16_23_40_596.jpg;0;1;0;2.571529;102.6411;180.4713;1.33337;268.4045;-0.001325309
/home/ashim/Desktop/udacity_ws/RoboND-Rover-Project/my_dataset/IMG/robocam_2017_10_14_16_23_40_663.jpg;0;1;0;2.614207;102.6343;180.2615;1.336238;268.3884;-0.001315214
/home/ashim/Desktop/udacity_ws/RoboND-Rover-Project/my_dataset/IMG/robocam_2017_10_14_16_23_40_730.jpg;0;1;0;2.656741;102.6292;180.1012;1.340701;268.3762;-0.001331705
/home/ashim/Desktop/udacity_ws/RoboND-Rover-Project/my_dataset/IMG/robocam_2017_10_14_16_23_40_788.jpg;0;1;0;2.713257;102.6239;179.9383;1.34596;268.3641;-0.001357825
/home/ashim/Desktop/udacity_ws/RoboND-Rover-Project/my_dataset/IMG/robocam_2017_10_14_16_23_40_865.jpg;0;1;0;2.755506;102.6166;179.7172;1.352262;268.3481;-0.001395872
/home/ashim/Desktop/udacity_ws/RoboND-Rover-Project/my_dataset/IMG/robocam_2017_10_14_16_23_40_931.jpg;0;1;0;2.811645;102.611;179.5484;1.355407;268.3362;-0.00141989
/home/ashim/Desktop/udacity_ws/RoboND-Rover-Project/my_dataset/IMG/robocam_2017_10_14_16_23_40_997.jpg;0;1;0;2.853591;102.6034;179.3195;1.356989;268.3203;-0.001395584
/home/ashim/Desktop/udacity_ws/RoboND-Rover-Project/my_dataset/IMG/robocam_2017_10_14_16_23_41_060.jpg;0;1;0;2.895386;102.5975;179.1449;1.360574;268.3091;-0.0009909554
/home/ashim/Desktop/udacity_ws/RoboND-Rover-Project/my_dataset/IMG/robocam_2017_10_14_16_23_41_123.jpg;0;1;0;2.936735;102.5916;178.9678;1.367341;268.2939;-0.001460901
/home/ashim/Desktop/udacity_ws/RoboND-Rover-Project/my_dataset/IMG/robocam_2017_10_14_16_23_41_195.jpg;0;1;0;2.992116;102.5854;178.7882;1.369957;268.2811;-0.00149458
/home/ashim/Desktop/udacity_ws/RoboND-Rover-Project/my_dataset/IMG/robocam_2017_10_14_16_23_41_262.jpg;0;1;0;3.033489;102.5771;178.5449;1.371618;268.2656;-0.001059425
/home/ashim/Desktop/udacity_ws/RoboND-Rover-Project/my_dataset/IMG/robocam_2017_10_14_16_23_41_329.jpg;0;1;0;3.0744;102.5707;178.3596;1.375171;268.2501;-0.001473007
/home/ashim/Desktop/udacity_ws/RoboND-Rover-Project/my_dataset/IMG/robocam_2017_10_14_16_23_41_396.jpg;0;1;0;3.129162;102.5642;178.1718;1.378216;268.2378;-0.001052699
/home/ashim/Desktop/udacity_ws/RoboND-Rover-Project/my_dataset/IMG/robocam_2017_10_14_16_23_41_463.jpg;0;1;0;3.169774;102.5552;177.9176;1.381902;268.2173;-0.001508648
/home/ashim/Desktop/udacity_ws/RoboND-Rover-Project/my_dataset/IMG/robocam_2017_10_14_16_23_41_530.jpg;0;1;0;3.210561;102.5484;177.7241;1.385612;268.2033;-0.001436614
/home/ashim/Desktop/udacity_ws/RoboND-Rover-Project/my_dataset/IMG/robocam_2017_10_14_16_23_41_596.jpg;0;0.7996719;0;3.261687;102.5414;177.5285;1.383652;268.19;-0.001058077
/home/ashim/Desktop/udacity_ws/RoboND-Rover-Project/my_dataset/IMG/robocam_2017_10_14_16_23_41_663.jpg;0;0.6016154;0;3.289637;102.5319;177.2652;1.377069;268.1655;-0.0008964009
/home/ashim/Desktop/udacity_ws/RoboND-Rover-Project/my_dataset/IMG/robocam_2017_10_14_16_23_41_730.jpg;0;0.4001622;0;3.308665;102.5247;177.067;1.35107;268.1442;-0.0008173268
/home/ashim/Desktop/udacity_ws/RoboND-Rover-Project/my_dataset/IMG/robocam_2017_10_14_16_23_41_796.jpg;0;0.200068;0;3.319145;102.5174;176.8689;1.292813;268.1226;-0.0007676529
/home/ashim/Desktop/udacity_ws/RoboND-Rover-Project/my_dataset/IMG/robocam_2017_10_14_16_23_41_863.jpg;0;0.001027346;0;3.316391;102.5077;176.6063;1.14896;268.0947;-0.0006050736
/home/ashim/Desktop/udacity_ws/RoboND-Rover-Project/my_dataset/IMG/robocam_2017_10_14_16_23_41_930.jpg;0;0;0;3.306589;102.5004;176.4109;0.992745;268.0749;-0.0003565874
/home/ashim/Desktop/udacity_ws/RoboND-Rover-Project/my_dataset/IMG/robocam_2017_10_14_16_23_41_996.jpg;0;0;0;3.292564;102.4932;176.2167;0.8067449;268.0565;3.678761E-05
/home/ashim/Desktop/udacity_ws/RoboND-Rover-Project/my_dataset/IMG/robocam_2017_10_14_16_23_42_063.jpg;0;0;0;3.282011;102.4836;175.9592;0.5306805;268.0369;0.006099612
/home/ashim/Desktop/udacity_ws/RoboND-Rover-Project/my_dataset/IMG/robocam_2017_10_14_16_23_42_130.jpg;0;0;0;3.271412;102.4766;175.7671;0.3144187;268.0271;0.01862356
/home/ashim/Desktop/udacity_ws/RoboND-Rover-Project/my_dataset/IMG/robocam_2017_10_14_16_23_42_192.jpg;0;0;0;3.257088;102.4697;175.5755;0.09908719;268.0217;0.03814453
/home/ashim/Desktop/udacity_ws/RoboND-Rover-Project/my_dataset/IMG/robocam_2017_10_14_16_23_42_259.jpg;0;0;0;3.246247;102.4604;175.3206;359.8452;268.0102;0.04757386
/home/ashim/Desktop/udacity_ws/RoboND-Rover-Project/my_dataset/IMG/robocam_2017_10_14_16_23_42_326.jpg;0;0;0;3.234896;102.4531;175.1294;359.7007;267.9914;0.01752477
/home/ashim/Desktop/udacity_ws/RoboND-Rover-Project/my_dataset/IMG/robocam_2017_10_14_16_23_42_401.jpg;0;0;0;3.21963;102.4441;174.875;359.5395;267.985;-0.004042485
/home/ashim/Desktop/udacity_ws/RoboND-Rover-Project/my_dataset/IMG/robocam_2017_10_14_16_23_42_467.jpg;1.473123;0;0;3.208098;102.4382;174.6844;359.4444;268.063;0.01192861
/home/ashim/Desktop/udacity_ws/RoboND-Rover-Project/my_dataset/IMG/robocam_2017_10_14_16_23_42_528.jpg;4.414369;0;0;3.192394;102.4343;174.4942;359.3691;268.4069;0.08493081
/home/ashim/Desktop/udacity_ws/RoboND-Rover-Project/my_dataset/IMG/robocam_2017_10_14_16_23_42_598.jpg;7.239647;0;0;3.17896;102.434;174.241;359.3222;269.4214;0.2441449
/home/ashim/Desktop/udacity_ws/RoboND-Rover-Project/my_dataset/IMG/robocam_2017_10_14_16_23_42_666.jpg;10.39023;0;0;3.164417;102.4393;174.0515;359.3276;270.6422;0.4400696
/home/ashim/Desktop/udacity_ws/RoboND-Rover-Project/my_dataset/IMG/robocam_2017_10_14_16_23_42_732.jpg;13.38345;0;0;3.142415;102.45;173.8623;359.3948;272.1979;0.6820415
/home/ashim/Desktop/udacity_ws/RoboND-Rover-Project/my_dataset/IMG/robocam_2017_10_14_16_23_42_790.jpg;10.58769;0;0;3.125797;102.4642;173.6719;359.61;273.754;0.8434671
/home/ashim/Desktop/udacity_ws/RoboND-Rover-Project/my_dataset/IMG/robocam_2017_10_14_16_23_42_862.jpg;7.718357;0;0;3.108729;102.4902;173.4183;-0.003142828;275.5173;1.027521
/home/ashim/Desktop/udacity_ws/RoboND-Rover-Project/my_dataset/IMG/robocam_2017_10_14_16_23_42_903.jpg;9.42863;0;0;3.100309;102.506;173.2938;0.1109254;276.4115;1.116963
/home/ashim/Desktop/udacity_ws/RoboND-Rover-Project/my_dataset/IMG/robocam_2017_10_14_16_23_42_963.jpg;12.68649;0;0;3.089327;102.5324;173.1114;0.0963634;278.0906;1.15101
/home/ashim/Desktop/udacity_ws/RoboND-Rover-Project/my_dataset/IMG/robocam_2017_10_14_16_23_43_029.jpg;15;0;0;3.076774;102.5655;172.9342;359.9162;280.0487;1.152395
/home/ashim/Desktop/udacity_ws/RoboND-Rover-Project/my_dataset/IMG/robocam_2017_10_14_16_23_43_101.jpg;13.27582;0;0;3.05201;102.6198;172.6982;359.8596;282.5581;1.129622
/home/ashim/Desktop/udacity_ws/RoboND-Rover-Project/my_dataset/IMG/robocam_2017_10_14_16_23_43_161.jpg;10.32756;0;0;3.038504;102.6665;172.5216;359.933;284.1492;1.087529
/home/ashim/Desktop/udacity_ws/RoboND-Rover-Project/my_dataset/IMG/robocam_2017_10_14_16_23_43_228.jpg;7.5345;0;0;3.024619;102.7171;172.3465;0.01177295;285.4565;1.051583
/home/ashim/Desktop/udacity_ws/RoboND-Rover-Project/my_dataset/IMG/robocam_2017_10_14_16_23_43_299.jpg;10.68689;0;0;3.011184;102.791;172.1185;359.9909;287.2519;1.086736
/home/ashim/Desktop/udacity_ws/RoboND-Rover-Project/my_dataset/IMG/robocam_2017_10_14_16_23_43_365.jpg;13.68533;0;0;2.997856;102.8528;171.9505;359.9865;288.9496;1.168625
/home/ashim/Desktop/udacity_ws/RoboND-Rover-Project/my_dataset/IMG/robocam_2017_10_14_16_23_43_432.jpg;15;0;0;2.97661;102.9187;171.7852;359.9941;290.9117;1.181804
/home/ashim/Desktop/udacity_ws/RoboND-Rover-Project/my_dataset/IMG/robocam_2017_10_14_16_23_43_500.jpg;15;0;0;2.958917;103.0153;171.5703;359.9916;293.661;1.150929
/home/ashim/Desktop/udacity_ws/RoboND-Rover-Project/my_dataset/IMG/robocam_2017_10_14_16_23_43_568.jpg;15;0;0;2.945795;103.0951;171.4139;359.9858;295.7619;1.167905
/home/ashim/Desktop/udacity_ws/RoboND-Rover-Project/my_dataset/IMG/robocam_2017_10_14_16_23_43_634.jpg;12.00263;0;0;2.92762;103.1788;171.2602;359.9876;297.6842;1.142066
/home/ashim/Desktop/udacity_ws/RoboND-Rover-Project/my_dataset/IMG/robocam_2017_10_14_16_23_43_701.jpg;9.004737;0.1998596;0;2.9191;103.2966;171.059;0.009175185;299.7375;1.098996
/home/ashim/Desktop/udacity_ws/RoboND-Rover-Project/my_dataset/IMG/robocam_2017_10_14_16_23_43_768.jpg;6.016917;0.3990476;0;2.919426;103.3878;170.9097;0.005351987;300.8746;1.060424
/home/ashim/Desktop/udacity_ws/RoboND-Rover-Project/my_dataset/IMG/robocam_2017_10_14_16_23_43_833.jpg;3.021308;0.5987549;0;2.93643;103.4813;170.7605;0.01197583;301.6458;1.020095
/home/ashim/Desktop/udacity_ws/RoboND-Rover-Project/my_dataset/IMG/robocam_2017_10_14_16_23_43_900.jpg;0.2592552;0.7828918;0;2.958959;103.6076;170.5589;0.06778572;302.0667;0.9284527
/home/ashim/Desktop/udacity_ws/RoboND-Rover-Project/my_dataset/IMG/robocam_2017_10_14_16_23_43_965.jpg;-1.448371;0.9928164;0;2.988691;103.7034;170.4044;0.1643991;302.0531;0.8206645
/home/ashim/Desktop/udacity_ws/RoboND-Rover-Project/my_dataset/IMG/robocam_2017_10_14_16_23_44_032.jpg;-4.455138;1;0;3.039818;103.7993;170.246;0.3154612;301.7012;0.6562673
/home/ashim/Desktop/udacity_ws/RoboND-Rover-Project/my_dataset/IMG/robocam_2017_10_14_16_23_44_099.jpg;-7.467302;1;0;3.077122;103.9244;170.0277;0.5916156;300.5684;0.3189135
/home/ashim/Desktop/udacity_ws/RoboND-Rover-Project/my_dataset/IMG/robocam_2017_10_14_16_23_44_166.jpg;-10.47542;1;0;3.113017;104.0145;169.8581;0.8418214;299.2126;359.962
/home/ashim/Desktop/udacity_ws/RoboND-Rover-Project/my_dataset/IMG/robocam_2017_10_14_16_23_44_235.jpg;-7.273217;1;0;3.161973;104.1029;169.6864;1.038659;297.8322;359.6464
/home/ashim/Desktop/udacity_ws/RoboND-Rover-Project/my_dataset/IMG/robocam_2017_10_14_16_23_44_302.jpg;-4.352721;1;0;3.19667;104.2205;169.4582;1.078178;296.4593;359.4634
/home/ashim/Desktop/udacity_ws/RoboND-Rover-Project/my_dataset/IMG/robocam_2017_10_14_16_23_44_359.jpg;-1.415434;1;0;3.229468;104.3079;169.288;0.9049483;295.8591;359.5056
/home/ashim/Desktop/udacity_ws/RoboND-Rover-Project/my_dataset/IMG/robocam_2017_10_14_16_23_44_436.jpg;0;1;0;3.262308;104.3947;169.1147;0.6868715;295.5149;359.6088
/home/ashim/Desktop/udacity_ws/RoboND-Rover-Project/my_dataset/IMG/robocam_2017_10_14_16_23_44_503.jpg;0;1;0;3.340101;104.5099;168.876;0.5338115;295.4048;359.6689
/home/ashim/Desktop/udacity_ws/RoboND-Rover-Project/my_dataset/IMG/robocam_2017_10_14_16_23_44_563.jpg;0;1;0;3.378451;104.5975;168.693;0.4986937;295.4007;359.7095
/home/ashim/Desktop/udacity_ws/RoboND-Rover-Project/my_dataset/IMG/robocam_2017_10_14_16_23_44_634.jpg;0;1;0;3.416743;104.6865;168.507;0.5225884;295.4107;359.7564
/home/ashim/Desktop/udacity_ws/RoboND-Rover-Project/my_dataset/IMG/robocam_2017_10_14_16_23_44_701.jpg;0;1;0;3.467727;104.8073;168.2546;0.6302244;295.4309;359.832
/home/ashim/Desktop/udacity_ws/RoboND-Rover-Project/my_dataset/IMG/robocam_2017_10_14_16_23_44_768.jpg;0;1;0;3.505928;104.8995;168.0622;0.7557409;295.4497;359.8987
/home/ashim/Desktop/udacity_ws/RoboND-Rover-Project/my_dataset/IMG/robocam_2017_10_14_16_23_44_834.jpg;0;1;0;3.556866;104.993;167.8673;0.9099253;295.4725;359.973
/home/ashim/Desktop/udacity_ws/RoboND-Rover-Project/my_dataset/IMG/robocam_2017_10_14_16_23_44_901.jpg;0;1;0;3.595099;105.1183;167.6034;1.137028;295.4671;-0.0009862226
/home/ashim/Desktop/udacity_ws/RoboND-Rover-Project/my_dataset/IMG/robocam_2017_10_14_16_23_44_968.jpg;0;1;0;3.633527;105.213;167.4028;1.30903;295.4498;-0.001178649
/home/ashim/Desktop/udacity_ws/RoboND-Rover-Project/my_dataset/IMG/robocam_2017_10_14_16_23_45_034.jpg;0;1;0;3.684455;105.3085;167.2004;1.457619;295.4289;-0.002243669
/home/ashim/Desktop/udacity_ws/RoboND-Rover-Project/my_dataset/IMG/robocam_2017_10_14_16_23_45_103.jpg;0;1;0;3.727087;105.4357;166.9301;1.447852;295.4088;-0.001965961
/home/ashim/Desktop/udacity_ws/RoboND-Rover-Project/my_dataset/IMG/robocam_2017_10_14_16_23_45_169.jpg;-1.504569;1;0;3.768479;105.5316;166.7251;1.410639;295.3225;-0.0006692947
/home/ashim/Desktop/udacity_ws/RoboND-Rover-Project/my_dataset/IMG/robocam_2017_10_14_16_23_45_236.jpg;-4.508364;1;0;3.818711;105.6271;166.517;1.396029;294.9756;0.0001064064
/home/ashim/Desktop/udacity_ws/RoboND-Rover-Project/my_dataset/IMG/robocam_2017_10_14_16_23_45_303.jpg;-1.519235;1;0;3.856137;105.7545;166.2351;1.406696;294.4278;-0.0008432223
/home/ashim/Desktop/udacity_ws/RoboND-Rover-Project/my_dataset/IMG/robocam_2017_10_14_16_23_45_368.jpg;0;1;0;3.893767;105.8512;166.0209;1.434761;294.263;-0.002331426
/home/ashim/Desktop/udacity_ws/RoboND-Rover-Project/my_dataset/IMG/robocam_2017_10_14_16_23_45_430.jpg;0;1;0;3.930436;105.9485;165.8049;1.442823;294.2033;-0.003079871
/home/ashim/Desktop/udacity_ws/RoboND-Rover-Project/my_dataset/IMG/robocam_2017_10_14_16_23_45_503.jpg;0;1;0;3.981918;106.0792;165.5135;1.449038;294.1812;-0.002744399
/home/ashim/Desktop/udacity_ws/RoboND-Rover-Project/my_dataset/IMG/robocam_2017_10_14_16_23_45_570.jpg;0;1;0;4.019763;106.178;165.2925;1.450386;294.1724;-0.002905522
/home/ashim/Desktop/udacity_ws/RoboND-Rover-Project/my_dataset/IMG/robocam_2017_10_14_16_23_45_636.jpg;0;1;0;4.069793;106.2776;165.0692;1.454627;294.1642;-0.002210973
/home/ashim/Desktop/udacity_ws/RoboND-Rover-Project/my_dataset/IMG/robocam_2017_10_14_16_23_45_704.jpg;0;1;0;4.107703;106.4116;164.7684;1.458387;294.1475;-0.001819421
/home/ashim/Desktop/udacity_ws/RoboND-Rover-Project/my_dataset/IMG/robocam_2017_10_14_16_23_45_771.jpg;0;1;0;4.144432;106.5129;164.5402;1.463654;294.1307;-0.001430164
/home/ashim/Desktop/udacity_ws/RoboND-Rover-Project/my_dataset/IMG/robocam_2017_10_14_16_23_45_836.jpg;0;1;0;4.193952;106.6149;164.3099;1.464725;294.1104;-0.001417834
/home/ashim/Desktop/udacity_ws/RoboND-Rover-Project/my_dataset/IMG/robocam_2017_10_14_16_23_45_896.jpg;0;1;0;4.230811;106.7177;164.0775;1.470074;294.0881;-0.001415275
/home/ashim/Desktop/udacity_ws/RoboND-Rover-Project/my_dataset/IMG/robocam_2017_10_14_16_23_45_962.jpg;-2.535031;1;0;4.268225;106.855;163.7641;1.474176;293.8651;-0.0009052729
/home/ashim/Desktop/udacity_ws/RoboND-Rover-Project/my_dataset/IMG/robocam_2017_10_14_16_23_46_031.jpg;-5.800545;1;0;4.316168;106.9568;163.5258;1.474431;293.3914;7.819954E-06
/home/ashim/Desktop/udacity_ws/RoboND-Rover-Project/my_dataset/IMG/robocam_2017_10_14_16_23_46_099.jpg;-5.781631;1;0;4.351593;107.0894;163.2036;1.450783;292.2876;0.0002546129
/home/ashim/Desktop/udacity_ws/RoboND-Rover-Project/my_dataset/IMG/robocam_2017_10_14_16_23_46_171.jpg;-2.548571;1;0;4.388313;107.188;162.9587;1.439584;291.6286;-0.00528079
/home/ashim/Desktop/udacity_ws/RoboND-Rover-Project/my_dataset/IMG/robocam_2017_10_14_16_23_46_238.jpg;0;1;0;4.436482;107.3198;162.6286;1.433226;291.2512;359.9874
/home/ashim/Desktop/udacity_ws/RoboND-Rover-Project/my_dataset/IMG/robocam_2017_10_14_16_23_46_304.jpg;0;1;0;4.472371;107.4193;162.3784;1.436862;291.197;359.988
/home/ashim/Desktop/udacity_ws/RoboND-Rover-Project/my_dataset/IMG/robocam_2017_10_14_16_23_46_371.jpg;0;1;0;4.519939;107.5193;162.126;1.448085;291.2029;359.9928
/home/ashim/Desktop/udacity_ws/RoboND-Rover-Project/my_dataset/IMG/robocam_2017_10_14_16_23_46_431.jpg;0;1;0;4.555302;107.6197;161.8713;1.465849;291.2278;359.9931
/home/ashim/Desktop/udacity_ws/RoboND-Rover-Project/my_dataset/IMG/robocam_2017_10_14_16_23_46_503.jpg;0;1;0;4.590481;107.7545;161.5286;1.480754;291.2547;-0.005634546
/home/ashim/Desktop/udacity_ws/RoboND-Rover-Project/my_dataset/IMG/robocam_2017_10_14_16_23_46_569.jpg;0;1;0;4.626574;107.8561;161.2691;1.494157;291.2649;-0.004945003
/home/ashim/Desktop/udacity_ws/RoboND-Rover-Project/my_dataset/IMG/robocam_2017_10_14_16_23_46_636.jpg;0;1;0;4.673582;107.9582;161.0076;1.501395;291.2663;-0.004057405
/home/ashim/Desktop/udacity_ws/RoboND-Rover-Project/my_dataset/IMG/robocam_2017_10_14_16_23_46_704.jpg;0;1;0;4.709117;108.0948;160.6558;1.502016;291.2489;-0.00299911
/home/ashim/Desktop/udacity_ws/RoboND-Rover-Project/my_dataset/IMG/robocam_2017_10_14_16_23_46_771.jpg;0;1;0;4.743932;108.1978;160.3895;1.503603;291.228;-0.002280654
/home/ashim/Desktop/udacity_ws/RoboND-Rover-Project/my_dataset/IMG/robocam_2017_10_14_16_23_46_837.jpg;3.049157;1;0;4.79062;108.3018;160.1213;1.504237;291.3182;-0.002505435
/home/ashim/Desktop/udacity_ws/RoboND-Rover-Project/my_dataset/IMG/robocam_2017_10_14_16_23_46_904.jpg;6.007858;1;0;4.824686;108.4444;159.762;1.497012;291.9072;0.003012288
/home/ashim/Desktop/udacity_ws/RoboND-Rover-Project/my_dataset/IMG/robocam_2017_10_14_16_23_46_970.jpg;9.005033;1;0;4.858801;108.5563;159.4927;1.453876;292.7843;0.0494297
/home/ashim/Desktop/udacity_ws/RoboND-Rover-Project/my_dataset/IMG/robocam_2017_10_14_16_23_47_036.jpg;12.00064;1;0;4.903137;108.6737;159.2251;1.340233;294.0683;0.1425268
/home/ashim/Desktop/udacity_ws/RoboND-Rover-Project/my_dataset/IMG/robocam_2017_10_14_16_23_47_103.jpg;11.97822;1;0;4.93393;108.841;158.8725;1.058744;296.3085;0.3667668
/home/ashim/Desktop/udacity_ws/RoboND-Rover-Project/my_dataset/IMG/robocam_2017_10_14_16_23_47_170.jpg;8.995314;1;0;4.966554;108.9738;158.6107;0.7753593;297.866;0.582322
/home/ashim/Desktop/udacity_ws/RoboND-Rover-Project/my_dataset/IMG/robocam_2017_10_14_16_23_47_235.jpg;5.984448;1;0;5.009889;109.1122;158.3507;0.4595101;299.1138;0.825529
/home/ashim/Desktop/udacity_ws/RoboND-Rover-Project/my_dataset/IMG/robocam_2017_10_14_16_23_47_302.jpg;3.015125;1;0;5.011342;109.3028;158.0074;0.01081078;300.2189;1.123239
/home/ashim/Desktop/udacity_ws/RoboND-Rover-Project/my_dataset/IMG/robocam_2017_10_14_16_23_47_369.jpg;0;1;0;5.010926;109.4489;157.7476;359.8726;300.5448;1.187714
/home/ashim/Desktop/udacity_ws/RoboND-Rover-Project/my_dataset/IMG/robocam_2017_10_14_16_23_47_436.jpg;0;1;0;5.018849;109.5973;157.485;359.9343;300.604;1.089333
/home/ashim/Desktop/udacity_ws/RoboND-Rover-Project/my_dataset/IMG/robocam_2017_10_14_16_23_47_503.jpg;0;1;0;5.010844;109.8;157.1347;0.1493973;300.6215;0.923539
/home/ashim/Desktop/udacity_ws/RoboND-Rover-Project/my_dataset/IMG/robocam_2017_10_14_16_23_47_570.jpg;0;1;0;5.011286;109.9535;156.8727;0.3117511;300.6152;0.7971492
/home/ashim/Desktop/udacity_ws/RoboND-Rover-Project/my_dataset/IMG/robocam_2017_10_14_16_23_47_636.jpg;0;1;0;5.011572;110.1076;156.6107;0.5023451;300.6052;0.6662673
/home/ashim/Desktop/udacity_ws/RoboND-Rover-Project/my_dataset/IMG/robocam_2017_10_14_16_23_47_697.jpg;0;1;0;5.0112;110.3134;156.2607;0.7917756;300.5835;0.4724591
/home/ashim/Desktop/udacity_ws/RoboND-Rover-Project/my_dataset/IMG/robocam_2017_10_14_16_23_47_772.jpg;0;1;0;5.015736;110.4678;155.9979;1.020462;300.5684;0.3098576
/home/ashim/Desktop/udacity_ws/RoboND-Rover-Project/my_dataset/IMG/robocam_2017_10_14_16_23_47_839.jpg;0;1;0;5.013719;110.6734;155.6474;1.323462;300.5242;0.08589338
/home/ashim/Desktop/udacity_ws/RoboND-Rover-Project/my_dataset/IMG/robocam_2017_10_14_16_23_47_905.jpg;0;1;0;5.003953;110.8281;155.3854;1.533775;300.5039;359.9933
/home/ashim/Desktop/udacity_ws/RoboND-Rover-Project/my_dataset/IMG/robocam_2017_10_14_16_23_47_972.jpg;0;1;0;5.009707;110.9816;155.1278;1.480843;300.5048;359.9941
/home/ashim/Desktop/udacity_ws/RoboND-Rover-Project/my_dataset/IMG/robocam_2017_10_14_16_23_48_039.jpg;-1.462823;1;0;4.912283;111.1824;154.7862;1.290082;300.408;-0.002067243
/home/ashim/Desktop/udacity_ws/RoboND-Rover-Project/my_dataset/IMG/robocam_2017_10_14_16_23_48_106.jpg;-4.505586;1;0;5.011595;111.3321;154.5269;1.206814;300.0712;-0.001734879
/home/ashim/Desktop/udacity_ws/RoboND-Rover-Project/my_dataset/IMG/robocam_2017_10_14_16_23_48_172.jpg;-7.490616;1;0;5.00895;111.4797;154.2657;1.157938;299.4306;359.993
/home/ashim/Desktop/udacity_ws/RoboND-Rover-Project/my_dataset/IMG/robocam_2017_10_14_16_23_48_239.jpg;-10.47214;1;0;5.019915;111.6691;153.9134;1.109112;297.9885;359.8497
/home/ashim/Desktop/udacity_ws/RoboND-Rover-Project/my_dataset/IMG/robocam_2017_10_14_16_23_48_305.jpg;-13.49402;1;0;5.013856;111.8036;153.6454;1.066964;296.4823;359.6112
/home/ashim/Desktop/udacity_ws/RoboND-Rover-Project/my_dataset/IMG/robocam_2017_10_14_16_23_48_371.jpg;-10.55193;1;0;5.008804;111.9331;153.3779;0.8849967;294.8003;359.4366
/home/ashim/Desktop/udacity_ws/RoboND-Rover-Project/my_dataset/IMG/robocam_2017_10_14_16_23_48_439.jpg;-7.520635;1;0;5.015522;112.0957;153.0196;0.4754099;292.7671;359.2189
/home/ashim/Desktop/udacity_ws/RoboND-Rover-Project/my_dataset/IMG/robocam_2017_10_14_16_23_48_506.jpg;-4.510135;1;0;5.010974;112.2099;152.7475;0.1761842;291.7305;358.9747
/home/ashim/Desktop/udacity_ws/RoboND-Rover-Project/my_dataset/IMG/robocam_2017_10_14_16_23_48_573.jpg;-1.510438;1;0;5.010407;112.3218;152.4736;359.9156;291.1076;358.8039
/home/ashim/Desktop/udacity_ws/RoboND-Rover-Project/my_dataset/IMG/robocam_2017_10_14_16_23_48_639.jpg;-4.53745;1;0;5.011209;112.4718;152.102;359.9212;290.652;358.8792
/home/ashim/Desktop/udacity_ws/RoboND-Rover-Project/my_dataset/IMG/robocam_2017_10_14_16_23_48_706.jpg;-7.550301;1;0;5.006617;112.5785;151.8188;0.05205388;290.0162;358.9239
/home/ashim/Desktop/udacity_ws/RoboND-Rover-Project/my_dataset/IMG/robocam_2017_10_14_16_23_48_773.jpg;-10.57124;1;0;5.004123;112.6781;151.5341;0.128567;288.9357;358.9037
/home/ashim/Desktop/udacity_ws/RoboND-Rover-Project/my_dataset/IMG/robocam_2017_10_14_16_23_48_840.jpg;-13.5776;1;0;5.02872;112.7995;151.1536;0.08408687;286.7279;358.8559
/home/ashim/Desktop/udacity_ws/RoboND-Rover-Project/my_dataset/IMG/robocam_2017_10_14_16_23_48_908.jpg;-15;1;0;5.007073;112.881;150.8674;359.9538;284.8303;358.8222
/home/ashim/Desktop/udacity_ws/RoboND-Rover-Project/my_dataset/IMG/robocam_2017_10_14_16_23_48_973.jpg;-15;1;0;5.013705;112.9542;150.5761;359.9925;282.9816;358.7554
/home/ashim/Desktop/udacity_ws/RoboND-Rover-Project/my_dataset/IMG/robocam_2017_10_14_16_23_49_041.jpg;-15;1;0;5.004438;113.0399;150.1861;359.9791;280.5303;358.7818
/home/ashim/Desktop/udacity_ws/RoboND-Rover-Project/my_dataset/IMG/robocam_2017_10_14_16_23_49_101.jpg;-15;1;0;5.002228;113.0936;149.8902;0.01842222;278.5844;358.836
/home/ashim/Desktop/udacity_ws/RoboND-Rover-Project/my_dataset/IMG/robocam_2017_10_14_16_23_49_167.jpg;-12.25995;1;0;5.009178;113.1367;149.5936;0.01004433;276.7013;358.8451
/home/ashim/Desktop/udacity_ws/RoboND-Rover-Project/my_dataset/IMG/robocam_2017_10_14_16_23_49_241.jpg;-9.246662;1;0;5.010385;113.1809;149.1961;0.004048521;274.5957;358.8535
/home/ashim/Desktop/udacity_ws/RoboND-Rover-Project/my_dataset/IMG/robocam_2017_10_14_16_23_49_298.jpg;-5.884845;1;0;5.011543;113.2058;148.8969;0.000191312;273.394;358.8758
/home/ashim/Desktop/udacity_ws/RoboND-Rover-Project/my_dataset/IMG/robocam_2017_10_14_16_23_49_375.jpg;-3.281686;1;0;5.011304;113.2253;148.597;0.00897793;272.5555;358.9137
/home/ashim/Desktop/udacity_ws/RoboND-Rover-Project/my_dataset/IMG/robocam_2017_10_14_16_23_49_442.jpg;0;1;0;5.01155;113.2454;148.1965;0.02080191;272.012;358.9704
/home/ashim/Desktop/udacity_ws/RoboND-Rover-Project/my_dataset/IMG/robocam_2017_10_14_16_23_49_501.jpg;0;1;0;5.012057;113.2577;147.8954;0.0650527;271.8802;359.01
/home/ashim/Desktop/udacity_ws/RoboND-Rover-Project/my_dataset/IMG/robocam_2017_10_14_16_23_49_572.jpg;0;1;0;5.011627;113.269;147.5936;0.1388291;271.8371;359.0678
/home/ashim/Desktop/udacity_ws/RoboND-Rover-Project/my_dataset/IMG/robocam_2017_10_14_16_23_49_639.jpg;0;1;0;5.019338;113.2831;147.1897;0.3134063;271.8148;359.1627
/home/ashim/Desktop/udacity_ws/RoboND-Rover-Project/my_dataset/IMG/robocam_2017_10_14_16_23_49_706.jpg;0;1;0;5.005953;113.2936;146.8868;0.458;271.8212;359.2748
/home/ashim/Desktop/udacity_ws/RoboND-Rover-Project/my_dataset/IMG/robocam_2017_10_14_16_23_49_772.jpg;2.997047;1;0;5.006479;113.305;146.5832;0.6297014;271.9589;359.4239
/home/ashim/Desktop/udacity_ws/RoboND-Rover-Project/my_dataset/IMG/robocam_2017_10_14_16_23_49_840.jpg;5.99611;1;0;5.01428;113.3247;146.1782;0.8866838;272.6386;359.7169
/home/ashim/Desktop/udacity_ws/RoboND-Rover-Project/my_dataset/IMG/robocam_2017_10_14_16_23_49_906.jpg;8.979027;1;0;5.007867;113.3445;145.8744;1.101041;273.5843;0.00661734
/home/ashim/Desktop/udacity_ws/RoboND-Rover-Project/my_dataset/IMG/robocam_2017_10_14_16_23_49_964.jpg;11.92918;1;0;5.010751;113.3687;145.5723;1.240783;274.8434;0.2855906
/home/ashim/Desktop/udacity_ws/RoboND-Rover-Project/my_dataset/IMG/robocam_2017_10_14_16_23_50_035.jpg;9.236508;1;0;5.009107;113.3963;145.2735;1.220735;276.3129;0.4851632
/home/ashim/Desktop/udacity_ws/RoboND-Rover-Project/my_dataset/IMG/robocam_2017_10_14_16_23_50_109.jpg;5.783304;1;0;5.00907;113.4387;144.8807;0.9073445;278.0726;0.611842
/home/ashim/Desktop/udacity_ws/RoboND-Rover-Project/my_dataset/IMG/robocam_2017_10_14_16_23_50_174.jpg;2.789358;1;0;5.030996;113.477;144.5884;0.5599133;279.149;0.6884624
/home/ashim/Desktop/udacity_ws/RoboND-Rover-Project/my_dataset/IMG/robocam_2017_10_14_16_23_50_242.jpg;0;1;0;5.0112;113.5375;144.1987;0.1960798;279.7699;0.9204145
/home/ashim/Desktop/udacity_ws/RoboND-Rover-Project/my_dataset/IMG/robocam_2017_10_14_16_23_50_308.jpg;0;1;0;5.011319;113.5855;143.9056;359.9927;279.8896;1.081285
/home/ashim/Desktop/udacity_ws/RoboND-Rover-Project/my_dataset/IMG/robocam_2017_10_14_16_23_50_373.jpg;0;1;0;5.009199;113.6338;143.6096;359.9464;279.8806;1.118846
/home/ashim/Desktop/udacity_ws/RoboND-Rover-Project/my_dataset/IMG/robocam_2017_10_14_16_23_50_440.jpg;0;0.8217819;0;5.012908;113.6991;143.2125;0.04484585;279.8403;1.03369
/home/ashim/Desktop/udacity_ws/RoboND-Rover-Project/my_dataset/IMG/robocam_2017_10_14_16_23_50_507.jpg;0;0.608758;0;5.007255;113.7494;142.9149;0.1239858;279.8304;0.950238
/home/ashim/Desktop/udacity_ws/RoboND-Rover-Project/my_dataset/IMG/robocam_2017_10_14_16_23_50_573.jpg;0;0.4099355;0;5.004881;113.8002;142.6178;0.1948122;279.8229;0.8535062
/home/ashim/Desktop/udacity_ws/RoboND-Rover-Project/my_dataset/IMG/robocam_2017_10_14_16_23_50_640.jpg;0;0.2070668;0;4.998522;113.868;142.2227;0.2567306;279.813;0.7080151
/home/ashim/Desktop/udacity_ws/RoboND-Rover-Project/my_dataset/IMG/robocam_2017_10_14_16_23_50_707.jpg;0;0.006615639;0;4.992306;113.9187;141.9277;0.2592595;279.806;0.5909216
/home/ashim/Desktop/udacity_ws/RoboND-Rover-Project/my_dataset/IMG/robocam_2017_10_14_16_23_50_773.jpg;0;0;0;4.971517;113.9692;141.6344;0.223269;279.8022;0.477329
/home/ashim/Desktop/udacity_ws/RoboND-Rover-Project/my_dataset/IMG/robocam_2017_10_14_16_23_50_835.jpg;0;0;0;4.9552;114.0196;141.3426;0.1549322;279.8017;0.3703617
/home/ashim/Desktop/udacity_ws/RoboND-Rover-Project/my_dataset/IMG/robocam_2017_10_14_16_23_50_905.jpg;0;0;0;4.938887;114.0866;140.9559;0.01711665;279.8023;0.2337374
/home/ashim/Desktop/udacity_ws/RoboND-Rover-Project/my_dataset/IMG/robocam_2017_10_14_16_23_50_965.jpg;0;0;0;4.91708;114.1365;140.6674;359.8864;279.803;0.1368808
/home/ashim/Desktop/udacity_ws/RoboND-Rover-Project/my_dataset/IMG/robocam_2017_10_14_16_23_51_041.jpg;0;0;0;4.900626;114.2027;140.2844;359.7057;279.7966;-0.0002440974
/home/ashim/Desktop/udacity_ws/RoboND-Rover-Project/my_dataset/IMG/robocam_2017_10_14_16_23_51_108.jpg;0;0;0;4.884004;114.2529;139.9981;359.5913;279.8096;359.9442
/home/ashim/Desktop/udacity_ws/RoboND-Rover-Project/my_dataset/IMG/robocam_2017_10_14_16_23_51_174.jpg;0;0;0;4.860898;114.3031;139.7125;359.4996;279.8297;359.9211
/home/ashim/Desktop/udacity_ws/RoboND-Rover-Project/my_dataset/IMG/robocam_2017_10_14_16_23_51_244.jpg;1.585937;0;0;4.844008;114.3701;139.3329;359.3924;279.9077;359.9216
/home/ashim/Desktop/udacity_ws/RoboND-Rover-Project/my_dataset/IMG/robocam_2017_10_14_16_23_51_309.jpg;0;0;0;4.826639;114.4204;139.0491;359.3331;279.9834;359.9508
/home/ashim/Desktop/udacity_ws/RoboND-Rover-Project/my_dataset/IMG/robocam_2017_10_14_16_23_51_364.jpg;0;0;0;4.810149;114.4703;138.7664;359.2674;280.0117;359.9717
/home/ashim/Desktop/udacity_ws/RoboND-Rover-Project/my_dataset/IMG/robocam_2017_10_14_16_23_51_438.jpg;0;0;0;4.788421;114.5368;138.3903;359.2126;280.0271;0.006065921
/home/ashim/Desktop/udacity_ws/RoboND-Rover-Project/my_dataset/IMG/robocam_2017_10_14_16_23_51_504.jpg;0;0;0;4.770548;114.5865;138.1092;359.1878;280.0317;0.03156754
/home/ashim/Desktop/udacity_ws/RoboND-Rover-Project/my_dataset/IMG/robocam_2017_10_14_16_23_51_571.jpg;0;0;0;4.748945;114.636;137.8292;359.1572;280.0332;0.05353914
/home/ashim/Desktop/udacity_ws/RoboND-Rover-Project/my_dataset/IMG/robocam_2017_10_14_16_23_51_644.jpg;3.22776;0;0;4.731187;114.7027;137.4565;359.1775;280.2276;0.04925331
/home/ashim/Desktop/udacity_ws/RoboND-Rover-Project/my_dataset/IMG/robocam_2017_10_14_16_23_51_708.jpg;6.233454;0;0;4.714339;114.7564;137.1791;359.1794;280.76;0.138449
/home/ashim/Desktop/udacity_ws/RoboND-Rover-Project/my_dataset/IMG/robocam_2017_10_14_16_23_51_775.jpg;6.424695;0;0;4.696844;114.8132;136.9029;359.2131;281.5639;0.2608807
/home/ashim/Desktop/udacity_ws/RoboND-Rover-Project/my_dataset/IMG/robocam_2017_10_14_16_23_51_841.jpg;3.204725;0;0;4.672703;114.8923;136.5362;359.3098;282.4667;0.4202772
/home/ashim/Desktop/udacity_ws/RoboND-Rover-Project/my_dataset/IMG/robocam_2017_10_14_16_23_51_908.jpg;0.2169907;0;0;4.655217;114.9528;136.2617;359.4297;282.8255;0.4883913
/home/ashim/Desktop/udacity_ws/RoboND-Rover-Project/my_dataset/IMG/robocam_2017_10_14_16_23_51_975.jpg;1.507498;0;0;4.632936;115.0141;135.9886;359.5431;282.9667;0.5420673
/home/ashim/Desktop/udacity_ws/RoboND-Rover-Project/my_dataset/IMG/robocam_2017_10_14_16_23_52_042.jpg;4.522183;0;0;4.616008;115.0997;135.6274;359.6708;283.4424;0.6679606
/home/ashim/Desktop/udacity_ws/RoboND-Rover-Project/my_dataset/IMG/robocam_2017_10_14_16_23_52_108.jpg;7.538445;0;0;4.599394;115.1679;135.359;359.7559;284.1844;0.8156366
/home/ashim/Desktop/udacity_ws/RoboND-Rover-Project/my_dataset/IMG/robocam_2017_10_14_16_23_52_175.jpg;7.500497;0;0;4.574795;115.2404;135.0928;359.855;285.2292;1.002585
/home/ashim/Desktop/udacity_ws/RoboND-Rover-Project/my_dataset/IMG/robocam_2017_10_14_16_23_52_242.jpg;4.491896;0;0;4.557718;115.3406;134.7394;0.04622367;286.418;1.163997
/home/ashim/Desktop/udacity_ws/RoboND-Rover-Project/my_dataset/IMG/robocam_2017_10_14_16_23_52_303.jpg;1.501007;0;0;4.540259;115.4153;134.4786;0.004809267;286.9998;1.116766
/home/ashim/Desktop/udacity_ws/RoboND-Rover-Project/my_dataset/IMG/robocam_2017_10_14_16_23_52_344.jpg;0.2329981;0;0;4.533062;115.4658;134.306;359.9374;287.1865;1.045613
/home/ashim/Desktop/udacity_ws/RoboND-Rover-Project/my_dataset/IMG/robocam_2017_10_14_16_23_52_410.jpg;1.481405;0;0;4.517362;115.544;134.0483;359.8601;287.3489;0.958192
/home/ashim/Desktop/udacity_ws/RoboND-Rover-Project/my_dataset/IMG/robocam_2017_10_14_16_23_52_477.jpg;4.506712;0;0;4.495638;115.6247;133.7919;359.8159;287.656;0.8834596
/home/ashim/Desktop/udacity_ws/RoboND-Rover-Project/my_dataset/IMG/robocam_2017_10_14_16_23_52_544.jpg;7.512889;0;0;4.478756;115.7383;133.4532;359.7824;288.5876;0.8728217
/home/ashim/Desktop/udacity_ws/RoboND-Rover-Project/my_dataset/IMG/robocam_2017_10_14_16_23_52_611.jpg;10.55462;0;0;4.455392;115.8288;133.2017;359.7987;289.6761;0.9218846
/home/ashim/Desktop/udacity_ws/RoboND-Rover-Project/my_dataset/IMG/robocam_2017_10_14_16_23_52_677.jpg;13.50112;0;0;4.435964;115.9257;132.9529;359.8691;291.1595;1.043126
/home/ashim/Desktop/udacity_ws/RoboND-Rover-Project/my_dataset/IMG/robocam_2017_10_14_16_23_52_744.jpg;15;0;0;4.415193;116.0647;132.6264;0.02981985;293.6614;1.218773
/home/ashim/Desktop/udacity_ws/RoboND-Rover-Project/my_dataset/IMG/robocam_2017_10_14_16_23_52_804.jpg;15;0;0;4.398499;116.1754;132.3924;359.8124;296.0159;1.37178
/home/ashim/Desktop/udacity_ws/RoboND-Rover-Project/my_dataset/IMG/robocam_2017_10_14_16_23_52_875.jpg;11.9999;0;0;4.382974;116.2942;132.1595;359.7889;298.3225;1.40997
/home/ashim/Desktop/udacity_ws/RoboND-Rover-Project/my_dataset/IMG/robocam_2017_10_14_16_23_52_942.jpg;8.792295;0;0;4.361539;116.4614;131.8504;0.009986004;300.5797;1.186126
/home/ashim/Desktop/udacity_ws/RoboND-Rover-Project/my_dataset/IMG/robocam_2017_10_14_16_23_53_009.jpg;5.796955;0;0;4.341286;116.5988;131.6255;0.2172475;301.5757;1.185384
/home/ashim/Desktop/udacity_ws/RoboND-Rover-Project/my_dataset/IMG/robocam_2017_10_14_16_23_53_075.jpg;2.787226;0;0;4.328455;116.7326;131.4062;0.08237187;302.4322;0.9330794
/home/ashim/Desktop/udacity_ws/RoboND-Rover-Project/my_dataset/IMG/robocam_2017_10_14_16_23_53_142.jpg;0;0;0;4.309649;116.9157;131.1188;359.8648;302.9307;0.7022153
/home/ashim/Desktop/udacity_ws/RoboND-Rover-Project/my_dataset/IMG/robocam_2017_10_14_16_23_53_203.jpg;0;0;0;4.29657;117.0539;130.9047;359.7157;303.0415;0.548517
/home/ashim/Desktop/udacity_ws/RoboND-Rover-Project/my_dataset/IMG/robocam_2017_10_14_16_23_53_276.jpg;0;0;0;4.276886;117.1922;130.6914;359.5797;303.0718;0.3945782
/home/ashim/Desktop/udacity_ws/RoboND-Rover-Project/my_dataset/IMG/robocam_2017_10_14_16_23_53_343.jpg;0;0.09948564;0;4.253288;117.3768;130.4089;359.4218;303.1008;0.208228
/home/ashim/Desktop/udacity_ws/RoboND-Rover-Project/my_dataset/IMG/robocam_2017_10_14_16_23_53_409.jpg;0;0.2989798;0;4.244382;117.5153;130.197;359.3393;303.1548;0.05411108
/home/ashim/Desktop/udacity_ws/RoboND-Rover-Project/my_dataset/IMG/robocam_2017_10_14_16_23_53_475.jpg;0;0.4989746;0;4.246547;117.6545;129.9845;359.2931;303.1745;359.9168
/home/ashim/Desktop/udacity_ws/RoboND-Rover-Project/my_dataset/IMG/robocam_2017_10_14_16_23_53_543.jpg;0;0.6986339;0;4.233523;117.8411;129.7002;359.3583;303.1911;359.8423
/home/ashim/Desktop/udacity_ws/RoboND-Rover-Project/my_dataset/IMG/robocam_2017_10_14_16_23_53_609.jpg;0;0.8988447;0;4.253802;117.9821;129.485;359.4436;303.1869;359.7651
/home/ashim/Desktop/udacity_ws/RoboND-Rover-Project/my_dataset/IMG/robocam_2017_10_14_16_23_53_675.jpg;0;1;0;4.295396;118.1249;129.2671;359.6029;303.1868;359.7014
/home/ashim/Desktop/udacity_ws/RoboND-Rover-Project/my_dataset/IMG/robocam_2017_10_14_16_23_53_743.jpg;0;1;0;4.330143;118.318;128.9724;359.9149;303.1883;359.6356
/home/ashim/Desktop/udacity_ws/RoboND-Rover-Project/my_dataset/IMG/robocam_2017_10_14_16_23_53_810.jpg;0;1;0;4.364952;118.4648;128.7486;0.204567;303.1897;359.6
/home/ashim/Desktop/udacity_ws/RoboND-Rover-Project/my_dataset/IMG/robocam_2017_10_14_16_23_53_876.jpg;0;1;0;4.411747;118.6132;128.5236;0.479981;303.2104;359.6234
/home/ashim/Desktop/udacity_ws/RoboND-Rover-Project/my_dataset/IMG/robocam_2017_10_14_16_23_53_943.jpg;0;1;0;4.447236;118.8129;128.2207;0.8517979;303.2419;359.6887
/home/ashim/Desktop/udacity_ws/RoboND-Rover-Project/my_dataset/IMG/robocam_2017_10_14_16_23_54_009.jpg;0;1;0;4.482541;118.9643;127.9919;1.12176;303.2772;359.7655
/home/ashim/Desktop/udacity_ws/RoboND-Rover-Project/my_dataset/IMG/robocam_2017_10_14_16_23_54_075.jpg;2.993635;1;0;4.529213;119.118;127.763;1.341122;303.463;359.9202
/home/ashim/Desktop/udacity_ws/RoboND-Rover-Project/my_dataset/IMG/robocam_2017_10_14_16_23_54_144.jpg;3.011091;1;0;4.565677;119.3237;127.4565;1.5276;304.0134;359.994
/home/ashim/Desktop/udacity_ws/RoboND-Rover-Project/my_dataset/IMG/robocam_2017_10_14_16_23_54_209.jpg;0;1;0;4.605301;119.4781;127.2264;1.516763;304.2996;-0.003786853
/home/ashim/Desktop/udacity_ws/RoboND-Rover-Project/my_dataset/IMG/robocam_2017_10_14_16_23_54_275.jpg;0;1;0;4.654864;119.6336;126.9952;1.468574;304.3864;-0.001595373
/home/ashim/Desktop/udacity_ws/RoboND-Rover-Project/my_dataset/IMG/robocam_2017_10_14_16_23_54_342.jpg;2.986565;1;0;4.690097;119.8446;126.6851;1.423261;304.5944;0.004655116
/home/ashim/Desktop/udacity_ws/RoboND-Rover-Project/my_dataset/IMG/robocam_2017_10_14_16_23_54_409.jpg;5.991207;1;0;4.724644;120.0071;126.4524;1.398505;305.0799;0.05785251
/home/ashim/Desktop/udacity_ws/RoboND-Rover-Project/my_dataset/IMG/robocam_2017_10_14_16_23_54_476.jpg;8.981688;1;0;4.768751;120.1736;126.2208;1.337538;305.9297;0.1407731
/home/ashim/Desktop/udacity_ws/RoboND-Rover-Project/my_dataset/IMG/robocam_2017_10_14_16_23_54_543.jpg;5.954944;1;0;4.804158;120.4012;125.9142;1.16606;307.2571;0.2578169
/home/ashim/Desktop/udacity_ws/RoboND-Rover-Project/my_dataset/IMG/robocam_2017_10_14_16_23_54_609.jpg;2.974055;1;0;4.838791;120.5761;125.6847;1.025976;307.9879;0.3672633
/home/ashim/Desktop/udacity_ws/RoboND-Rover-Project/my_dataset/IMG/robocam_2017_10_14_16_23_54_677.jpg;0;1;0;4.885106;120.7537;125.4546;0.8820203;308.3914;0.4600901
/home/ashim/Desktop/udacity_ws/RoboND-Rover-Project/my_dataset/IMG/robocam_2017_10_14_16_23_54_743.jpg;0;1;0;4.919945;120.9941;125.1461;0.7163169;308.5558;0.55577
/home/ashim/Desktop/udacity_ws/RoboND-Rover-Project/my_dataset/IMG/robocam_2017_10_14_16_23_54_810.jpg;0;1;0;4.95361;121.1773;124.913;0.6330448;308.5741;0.6108545
/home/ashim/Desktop/udacity_ws/RoboND-Rover-Project/my_dataset/IMG/robocam_2017_10_14_16_23_54_876.jpg;0;1;0;4.998045;121.3624;124.6781;0.5859212;308.5603;0.6409475
/home/ashim/Desktop/udacity_ws/RoboND-Rover-Project/my_dataset/IMG/robocam_2017_10_14_16_23_54_943.jpg;0;1;0;5.007503;121.6112;124.3634;0.599435;308.5445;0.6584993
/home/ashim/Desktop/udacity_ws/RoboND-Rover-Project/my_dataset/IMG/robocam_2017_10_14_16_23_55_008.jpg;0;1;0;5.019282;121.7985;124.1264;0.659124;308.5318;0.6401947
/home/ashim/Desktop/udacity_ws/RoboND-Rover-Project/my_dataset/IMG/robocam_2017_10_14_16_23_55_075.jpg;0;1;0;5.011116;121.9851;123.8897;0.7171651;308.4949;0.5775167
/home/ashim/Desktop/udacity_ws/RoboND-Rover-Project/my_dataset/IMG/robocam_2017_10_14_16_23_55_143.jpg;2.995287;1;0;5.015124;122.2356;123.5747;0.8199548;308.6381;0.4893279
/home/ashim/Desktop/udacity_ws/RoboND-Rover-Project/my_dataset/IMG/robocam_2017_10_14_16_23_55_210.jpg;5.990134;1;0;5.027939;122.4259;123.3402;0.9092461;309.0963;0.4555977
/home/ashim/Desktop/udacity_ws/RoboND-Rover-Project/my_dataset/IMG/robocam_2017_10_14_16_23_55_275.jpg;8.996172;1;0;5.004735;122.6189;123.1082;0.9652601;309.9749;0.4317843
/home/ashim/Desktop/udacity_ws/RoboND-Rover-Project/my_dataset/IMG/robocam_2017_10_14_16_23_55_343.jpg;11.97499;1;0;5.024916;122.8812;122.8072;0.8983417;311.8104;0.4518782
/home/ashim/Desktop/udacity_ws/RoboND-Rover-Project/my_dataset/IMG/robocam_2017_10_14_16_23_55_409.jpg;8.946401;1;0;5.016456;123.0838;122.5876;0.8014464;313.2078;0.5659851
/home/ashim/Desktop/udacity_ws/RoboND-Rover-Project/my_dataset/IMG/robocam_2017_10_14_16_23_55_475.jpg;5.977024;1;0;5.013081;123.2888;122.3716;0.6480897;314.5185;0.6642867
/home/ashim/Desktop/udacity_ws/RoboND-Rover-Project/my_dataset/IMG/robocam_2017_10_14_16_23_55_542.jpg;2.977059;1;0;5.011374;123.567;122.0894;0.3949392;315.6043;0.8245294
/home/ashim/Desktop/udacity_ws/RoboND-Rover-Project/my_dataset/IMG/robocam_2017_10_14_16_23_55_609.jpg;0;1;0;5.01156;123.7782;121.8798;0.2246451;315.9857;0.9374628
/home/ashim/Desktop/udacity_ws/RoboND-Rover-Project/my_dataset/IMG/robocam_2017_10_14_16_23_55_675.jpg;0;1;0;5.011599;123.9909;121.6708;0.08003122;316.1197;1.012441
/home/ashim/Desktop/udacity_ws/RoboND-Rover-Project/my_dataset/IMG/robocam_2017_10_14_16_23_55_743.jpg;0;1;0;5.012015;124.2767;121.3923;359.9746;316.1588;1.056865
/home/ashim/Desktop/udacity_ws/RoboND-Rover-Project/my_dataset/IMG/robocam_2017_10_14_16_23_55_808.jpg;0;1;0;5.010475;124.4929;121.1825;0.009897985;316.1505;1.040014
/home/ashim/Desktop/udacity_ws/RoboND-Rover-Project/my_dataset/IMG/robocam_2017_10_14_16_23_55_871.jpg;1.316879;1;0;5.011486;124.7098;120.9725;0.07631388;316.1544;0.9811313
/home/ashim/Desktop/udacity_ws/RoboND-Rover-Project/my_dataset/IMG/robocam_2017_10_14_16_23_55_943.jpg;4.551923;1;0;5.011574;125.0014;120.6944;0.201257;316.5125;0.902631
/home/ashim/Desktop/udacity_ws/RoboND-Rover-Project/my_dataset/IMG/robocam_2017_10_14_16_23_56_010.jpg;7.553111;1;0;5.011378;125.223;120.4888;0.3043506;317.1845;0.8749292
/home/ashim/Desktop/udacity_ws/RoboND-Rover-Project/my_dataset/IMG/robocam_2017_10_14_16_23_56_076.jpg;10.56294;1;0;5.011254;125.4472;120.2871;0.3724287;318.2353;0.8708802
/home/ashim/Desktop/udacity_ws/RoboND-Rover-Project/my_dataset/IMG/robocam_2017_10_14_16_23_56_142.jpg;13.50086;1;0;5.005083;125.7517;120.0279;0.352508;320.3956;0.9311943
/home/ashim/Desktop/udacity_ws/RoboND-Rover-Project/my_dataset/IMG/robocam_2017_10_14_16_23_56_209.jpg;15;1;0;5.012332;125.9851;119.8435;0.1996223;322.5185;1.038866
/home/ashim/Desktop/udacity_ws/RoboND-Rover-Project/my_dataset/IMG/robocam_2017_10_14_16_23_56_275.jpg;13.50303;1;0;5.008811;126.2227;119.6678;359.96;324.5988;1.212256
/home/ashim/Desktop/udacity_ws/RoboND-Rover-Project/my_dataset/IMG/robocam_2017_10_14_16_23_56_342.jpg;10.48434;1;0;5.003098;126.5491;119.4378;359.9367;326.6542;1.282247
/home/ashim/Desktop/udacity_ws/RoboND-Rover-Project/my_dataset/IMG/robocam_2017_10_14_16_23_56_408.jpg;7.554166;1;0;5.014989;126.8007;119.2693;0.0733784;327.8596;1.207532
/home/ashim/Desktop/udacity_ws/RoboND-Rover-Project/my_dataset/IMG/robocam_2017_10_14_16_23_56_474.jpg;4.539256;1;0;5.0112;127.053;119.1068;0.06596307;328.9454;1.056006
/home/ashim/Desktop/udacity_ws/RoboND-Rover-Project/my_dataset/IMG/robocam_2017_10_14_16_23_56_542.jpg;1.531094;1;0;5.011903;127.3959;118.8998;0.05310033;329.8456;1.007278
/home/ashim/Desktop/udacity_ws/RoboND-Rover-Project/my_dataset/IMG/robocam_2017_10_14_16_23_56_608.jpg;0;1;0;5.010995;127.6553;118.7472;0.07485903;330.0986;0.9920112
/home/ashim/Desktop/udacity_ws/RoboND-Rover-Project/my_dataset/IMG/robocam_2017_10_14_16_23_56_674.jpg;-1.516682;1;0;5.011635;127.9157;118.5953;0.1176803;330.1703;0.9496127
/home/ashim/Desktop/udacity_ws/RoboND-Rover-Project/my_dataset/IMG/robocam_2017_10_14_16_23_56_741.jpg;-4.495501;1;0;5.011467;128.2634;118.3908;0.2455396;329.8129;0.8179319
/home/ashim/Desktop/udacity_ws/RoboND-Rover-Project/my_dataset/IMG/robocam_2017_10_14_16_23_56_808.jpg;-7.523328;1;0;5.005823;128.5231;118.2338;0.4025833;329.1086;0.6342379
/home/ashim/Desktop/udacity_ws/RoboND-Rover-Project/my_dataset/IMG/robocam_2017_10_14_16_23_56_874.jpg;-4.518814;1;0;5.006597;128.7817;118.0735;0.5980964;328.2876;0.3826621
/home/ashim/Desktop/udacity_ws/RoboND-Rover-Project/my_dataset/IMG/robocam_2017_10_14_16_23_56_942.jpg;-1.526724;1;0;5.011436;129.1253;117.8571;0.8961792;327.5309;0.007222263
/home/ashim/Desktop/udacity_ws/RoboND-Rover-Project/my_dataset/IMG/robocam_2017_10_14_16_23_57_008.jpg;0;1;0;5.011664;129.3828;117.6952;1.091595;327.3191;359.8
/home/ashim/Desktop/udacity_ws/RoboND-Rover-Project/my_dataset/IMG/robocam_2017_10_14_16_23_57_074.jpg;0;1;0;5.011378;129.6396;117.5345;1.21867;327.2666;359.6884
/home/ashim/Desktop/udacity_ws/RoboND-Rover-Project/my_dataset/IMG/robocam_2017_10_14_16_23_57_142.jpg;0;1;0;5.011623;129.9801;117.3234;1.15744;327.1176;359.7997
/home/ashim/Desktop/udacity_ws/RoboND-Rover-Project/my_dataset/IMG/robocam_2017_10_14_16_23_57_208.jpg;-1.496115;1;0;4.941222;130.2313;117.1639;1.071738;327.2524;359.8472
/home/ashim/Desktop/udacity_ws/RoboND-Rover-Project/my_dataset/IMG/robocam_2017_10_14_16_23_57_275.jpg;-4.486091;1;0;5.008384;130.4838;117.0007;1.058462;326.9608;359.8548
/home/ashim/Desktop/udacity_ws/RoboND-Rover-Project/my_dataset/IMG/robocam_2017_10_14_16_23_57_342.jpg;-7.511494;1;0;5.021619;130.8173;116.7784;1.059611;326.095;359.7757
/home/ashim/Desktop/udacity_ws/RoboND-Rover-Project/my_dataset/IMG/robocam_2017_10_14_16_23_57_409.jpg;-10.53391;1;0;5.014904;131.0642;116.6061;1.075767;324.9932;359.6205
/home/ashim/Desktop/udacity_ws/RoboND-Rover-Project/my_dataset/IMG/robocam_2017_10_14_16_23_57_476.jpg;-13.53388;1;0;5.010026;131.3062;116.4315;0.9636438;323.4638;359.5037
/home/ashim/Desktop/udacity_ws/RoboND-Rover-Project/my_dataset/IMG/robocam_2017_10_14_16_23_57_544.jpg;-15;1;0;5.004683;131.6172;116.1898;0.5920968;320.7362;359.2842
/home/ashim/Desktop/udacity_ws/RoboND-Rover-Project/my_dataset/IMG/robocam_2017_10_14_16_23_57_609.jpg;-15;1;0;5.009562;131.8414;115.9995;0.2596262;318.6249;358.9806
/home/ashim/Desktop/udacity_ws/RoboND-Rover-Project/my_dataset/IMG/robocam_2017_10_14_16_23_57_676.jpg;-13.49331;1;0;5.010003;132.0597;115.8036;359.8892;316.5507;358.7077
/home/ashim/Desktop/udacity_ws/RoboND-Rover-Project/my_dataset/IMG/robocam_2017_10_14_16_23_57_743.jpg;-10.51008;1;0;5.002252;132.3508;115.5328;359.7939;314.4744;358.6518
/home/ashim/Desktop/udacity_ws/RoboND-Rover-Project/my_dataset/IMG/robocam_2017_10_14_16_23_57_809.jpg;-7.4868;1;0;5.001963;132.5676;115.321;359.9712;313.2747;358.7812
/home/ashim/Desktop/udacity_ws/RoboND-Rover-Project/my_dataset/IMG/robocam_2017_10_14_16_23_57_876.jpg;-4.467426;1;0;5.008778;132.7777;115.1023;0.1151163;312.1148;358.8995
/home/ashim/Desktop/udacity_ws/RoboND-Rover-Project/my_dataset/IMG/robocam_2017_10_14_16_23_57_943.jpg;-1.46611;1;0;5.012748;133.0493;114.8065;0.167506;311.0987;359.0349
/home/ashim/Desktop/udacity_ws/RoboND-Rover-Project/my_dataset/IMG/robocam_2017_10_14_16_23_58_011.jpg;0;1;0;5.011671;133.2492;114.5813;0.1942207;310.7911;359.0967
/home/ashim/Desktop/udacity_ws/RoboND-Rover-Project/my_dataset/IMG/robocam_2017_10_14_16_23_58_076.jpg;0;1;0;5.011531;133.4476;114.3541;0.2501809;310.6795;359.1427
/home/ashim/Desktop/udacity_ws/RoboND-Rover-Project/my_dataset/IMG/robocam_2017_10_14_16_23_58_144.jpg;0;1;0;5.011154;133.7117;114.0494;0.3816835;310.6359;359.2162
/home/ashim/Desktop/udacity_ws/RoboND-Rover-Project/my_dataset/IMG/robocam_2017_10_14_16_23_58_211.jpg;0;1;0;5.017068;133.9098;113.8199;0.5171555;310.626;359.2925
/home/ashim/Desktop/udacity_ws/RoboND-Rover-Project/my_dataset/IMG/robocam_2017_10_14_16_23_58_277.jpg;0;1;0;5.016428;134.1079;113.5907;0.6497028;310.6383;359.4071
/home/ashim/Desktop/udacity_ws/RoboND-Rover-Project/my_dataset/IMG/robocam_2017_10_14_16_23_58_344.jpg;0;1;0;5.007814;134.3723;113.2844;0.8596528;310.6586;359.5765
/home/ashim/Desktop/udacity_ws/RoboND-Rover-Project/my_dataset/IMG/robocam_2017_10_14_16_23_58_411.jpg;0;1;0;5.014327;134.571;113.0542;1.044962;310.6808;359.7081
/home/ashim/Desktop/udacity_ws/RoboND-Rover-Project/my_dataset/IMG/robocam_2017_10_14_16_23_58_477.jpg;0;1;0;5.026946;134.7696;112.8246;1.226644;310.7409;359.8485
/home/ashim/Desktop/udacity_ws/RoboND-Rover-Project/my_dataset/IMG/robocam_2017_10_14_16_23_58_544.jpg;0;1;0;5.014743;135.0348;112.5178;1.474175;310.7749;-0.001692206
/home/ashim/Desktop/udacity_ws/RoboND-Rover-Project/my_dataset/IMG/robocam_2017_10_14_16_23_58_611.jpg;0;1;0;5.011477;135.23;112.289;1.483796;310.7587;-0.004896539
/home/ashim/Desktop/udacity_ws/RoboND-Rover-Project/my_dataset/IMG/robocam_2017_10_14_16_23_58_677.jpg;0;1;0;4.917723;135.4882;111.9865;1.365594;310.7238;-0.001154229
/home/ashim/Desktop/udacity_ws/RoboND-Rover-Project/my_dataset/IMG/robocam_2017_10_14_16_23_58_744.jpg;0;1;0;5.011783;135.683;111.7582;1.323085;310.6898;-0.001298322
/home/ashim/Desktop/udacity_ws/RoboND-Rover-Project/my_dataset/IMG/robocam_2017_10_14_16_23_58_811.jpg;-1.502863;1;0;5.009905;135.8779;111.5294;1.305848;310.6274;-0.001077235
/home/ashim/Desktop/udacity_ws/RoboND-Rover-Project/my_dataset/IMG/robocam_2017_10_14_16_23_58_879.jpg;-4.548651;1;0;5.017821;136.1363;111.2222;1.314331;310.1538;0.0006774341
/home/ashim/Desktop/udacity_ws/RoboND-Rover-Project/my_dataset/IMG/robocam_2017_10_14_16_23_58_945.jpg;-4.567856;1;0;4.990213;136.328;110.9905;1.326637;309.6696;-0.0009687859
/home/ashim/Desktop/udacity_ws/RoboND-Rover-Project/my_dataset/IMG/robocam_2017_10_14_16_23_59_012.jpg;-1.576667;1;0;5.017549;136.5192;110.7576;1.359098;309.2095;-0.003283016
/home/ashim/Desktop/udacity_ws/RoboND-Rover-Project/my_dataset/IMG/robocam_2017_10_14_16_23_59_078.jpg;0;1;0;4.994587;136.774;110.4465;1.417864;309.0046;-0.00545272
/home/ashim/Desktop/udacity_ws/RoboND-Rover-Project/my_dataset/IMG/robocam_2017_10_14_16_23_59_144.jpg;0;1;0;5.007934;136.9648;110.2128;1.468176;308.9815;359.9937
/home/ashim/Desktop/udacity_ws/RoboND-Rover-Project/my_dataset/IMG/robocam_2017_10_14_16_23_59_211.jpg;0;1;0;4.995591;137.1553;109.9788;1.521015;308.9942;359.9938
/home/ashim/Desktop/udacity_ws/RoboND-Rover-Project/my_dataset/IMG/robocam_2017_10_14_16_23_59_278.jpg;0;1;0;5.033223;137.4068;109.6688;1.423642;308.9939;-0.003576067
/home/ashim/Desktop/udacity_ws/RoboND-Rover-Project/my_dataset/IMG/robocam_2017_10_14_16_23_59_345.jpg;0;1;0;5.013448;137.5956;109.4352;1.388108;308.9857;-0.003079131
/home/ashim/Desktop/udacity_ws/RoboND-Rover-Project/my_dataset/IMG/robocam_2017_10_14_16_23_59_411.jpg;0;1;0;5.018106;137.7841;109.2014;1.369614;308.97;-0.002481322
/home/ashim/Desktop/udacity_ws/RoboND-Rover-Project/my_dataset/IMG/robocam_2017_10_14_16_23_59_478.jpg;-3.000598;1;0;4.990481;138.0347;108.8881;1.37357;308.7401;-0.001807451
/home/ashim/Desktop/udacity_ws/RoboND-Rover-Project/my_dataset/IMG/robocam_2017_10_14_16_23_59_545.jpg;-5.997967;1;0;5.008603;138.2208;108.6514;1.390912;308.2315;-0.001187976
/home/ashim/Desktop/udacity_ws/RoboND-Rover-Project/my_dataset/IMG/robocam_2017_10_14_16_23_59_611.jpg;-9.003328;1;0;4.997493;138.4042;108.4125;1.413961;307.3947;359.9842
/home/ashim/Desktop/udacity_ws/RoboND-Rover-Project/my_dataset/IMG/robocam_2017_10_14_16_23_59_678.jpg;-12.01846;1;0;5.007126;138.6408;108.0898;1.368874;305.6624;359.866
/home/ashim/Desktop/udacity_ws/RoboND-Rover-Project/my_dataset/IMG/robocam_2017_10_14_16_23_59_745.jpg;-15;1;0;5.014132;138.81;107.8443;1.195001;303.6929;359.744
/home/ashim/Desktop/udacity_ws/RoboND-Rover-Project/my_dataset/IMG/robocam_2017_10_14_16_23_59_812.jpg;-13.49245;1;0;5.002739;138.9688;107.5959;0.9104957;301.5406;359.5128
/home/ashim/Desktop/udacity_ws/RoboND-Rover-Project/my_dataset/IMG/robocam_2017_10_14_16_23_59_879.jpg;-10.48299;1;0;5.008028;139.1689;107.2591;0.4191061;299.103;359.1245
/home/ashim/Desktop/udacity_ws/RoboND-Rover-Project/my_dataset/IMG/robocam_2017_10_14_16_23_59_946.jpg;-7.476039;1;0;5.010477;139.311;107.0034;359.9925;297.6563;358.8107
/home/ashim/Desktop/udacity_ws/RoboND-Rover-Project/my_dataset/IMG/robocam_2017_10_14_16_24_00_012.jpg;-4.450507;1;0;5.003275;139.4525;106.7426;359.8011;296.75;358.6786
/home/ashim/Desktop/udacity_ws/RoboND-Rover-Project/my_dataset/IMG/robocam_2017_10_14_16_24_00_079.jpg;-1.444513;1;0;5.007346;139.6422;106.388;359.9038;296.2317;358.8665
/home/ashim/Desktop/udacity_ws/RoboND-Rover-Project/my_dataset/IMG/robocam_2017_10_14_16_24_00_146.jpg;0;1;0;5.005963;139.7818;106.1167;0.1382747;296.0758;359.0805
/home/ashim/Desktop/udacity_ws/RoboND-Rover-Project/my_dataset/IMG/robocam_2017_10_14_16_24_00_212.jpg;0;1;0;5.006203;139.9177;105.8436;0.384613;296.0024;359.2447
/home/ashim/Desktop/udacity_ws/RoboND-Rover-Project/my_dataset/IMG/robocam_2017_10_14_16_24_00_279.jpg;0;1;0;5.011785;140.0974;105.4788;0.7074835;295.9768;359.4644
/home/ashim/Desktop/udacity_ws/RoboND-Rover-Project/my_dataset/IMG/robocam_2017_10_14_16_24_00_345.jpg;0;1;0;5.006219;140.2318;105.2052;0.9474687;295.9858;359.6387
/home/ashim/Desktop/udacity_ws/RoboND-Rover-Project/my_dataset/IMG/robocam_2017_10_14_16_24_00_412.jpg;0;1;0;5.008184;140.3663;104.9314;1.193899;296.0045;359.8138
/home/ashim/Desktop/udacity_ws/RoboND-Rover-Project/my_dataset/IMG/robocam_2017_10_14_16_24_00_479.jpg;0;1;0;5.017281;140.5451;104.566;1.514809;296.0261;-0.0006612919
/home/ashim/Desktop/udacity_ws/RoboND-Rover-Project/my_dataset/IMG/robocam_2017_10_14_16_24_00_546.jpg;0;1;0;5.003946;140.6752;104.2953;1.480634;296.0623;-0.003546799
/home/ashim/Desktop/udacity_ws/RoboND-Rover-Project/my_dataset/IMG/robocam_2017_10_14_16_24_00_612.jpg;0;1;0;4.995565;140.805;104.0257;1.384834;296.1595;-0.001678075
/home/ashim/Desktop/udacity_ws/RoboND-Rover-Project/my_dataset/IMG/robocam_2017_10_14_16_24_00_679.jpg;0;1;0;5.008495;140.979;103.6658;1.309557;296.1185;-0.001586085
/home/ashim/Desktop/udacity_ws/RoboND-Rover-Project/my_dataset/IMG/robocam_2017_10_14_16_24_00_746.jpg;0;1;0;5.022808;141.1099;103.3955;1.281895;296.1274;-0.001507154
/home/ashim/Desktop/udacity_ws/RoboND-Rover-Project/my_dataset/IMG/robocam_2017_10_14_16_24_00_812.jpg;0;1;0;5.008714;141.2411;103.1247;1.281656;296.088;-0.001097454
/home/ashim/Desktop/udacity_ws/RoboND-Rover-Project/my_dataset/IMG/robocam_2017_10_14_16_24_00_880.jpg;0;1;0;5.021317;141.4161;102.7635;1.302342;296.0667;-0.001459823
/home/ashim/Desktop/udacity_ws/RoboND-Rover-Project/my_dataset/IMG/robocam_2017_10_14_16_24_00_946.jpg;0;1;0;5.014346;141.5476;102.492;1.339991;296.0347;-0.001339297
/home/ashim/Desktop/udacity_ws/RoboND-Rover-Project/my_dataset/IMG/robocam_2017_10_14_16_24_01_013.jpg;0;0.7966299;0;5.018006;141.6787;102.2208;1.376775;296.0049;-0.001416286
/home/ashim/Desktop/udacity_ws/RoboND-Rover-Project/my_dataset/IMG/robocam_2017_10_14_16_24_01_079.jpg;0;0.5953391;0;4.98372;141.853;101.8598;1.399071;295.965;-0.001396576
/home/ashim/Desktop/udacity_ws/RoboND-Rover-Project/my_dataset/IMG/robocam_2017_10_14_16_24_01_146.jpg;0;0.4004591;0;5.0035;141.9832;101.5896;1.377143;295.9319;-0.001281778
/home/ashim/Desktop/udacity_ws/RoboND-Rover-Project/my_dataset/IMG/robocam_2017_10_14_16_24_01_212.jpg;0;0.2005243;0;4.993006;142.1128;101.3204;1.308961;295.8991;-0.001169762
/home/ashim/Desktop/udacity_ws/RoboND-Rover-Project/my_dataset/IMG/robocam_2017_10_14_16_24_01_279.jpg;0;0;0;4.989013;142.2843;100.9633;1.139488;295.8585;-0.0009972445
/home/ashim/Desktop/udacity_ws/RoboND-Rover-Project/my_dataset/IMG/robocam_2017_10_14_16_24_01_346.jpg;0;0;0;4.973753;142.412;100.6974;0.9515965;295.8299;-0.0008004698
/home/ashim/Desktop/udacity_ws/RoboND-Rover-Project/my_dataset/IMG/robocam_2017_10_14_16_24_01_413.jpg;0;0;0;4.952531;142.5388;100.433;0.7259148;295.8039;-0.0004350859
/home/ashim/Desktop/udacity_ws/RoboND-Rover-Project/my_dataset/IMG/robocam_2017_10_14_16_24_01_481.jpg;0;0;0;4.93659;142.7071;100.0824;0.3881629;295.775;0.002075544
/home/ashim/Desktop/udacity_ws/RoboND-Rover-Project/my_dataset/IMG/robocam_2017_10_14_16_24_01_547.jpg;0;0;0;4.920684;142.8328;99.82075;0.1219718;295.7603;0.0107604
/home/ashim/Desktop/udacity_ws/RoboND-Rover-Project/my_dataset/IMG/robocam_2017_10_14_16_24_01_612.jpg;0;0;0;4.899318;142.958;99.55954;359.8772;295.7423;0.003921044
/home/ashim/Desktop/udacity_ws/RoboND-Rover-Project/my_dataset/IMG/robocam_2017_10_14_16_24_01_679.jpg;0;0;0.1993682;4.872263;143.1244;99.21353;359.5854;295.7269;-0.00158748
/home/ashim/Desktop/udacity_ws/RoboND-Rover-Project/my_dataset/IMG/robocam_2017_10_14_16_24_01_746.jpg;0;0;0.3994024;4.815281;143.2467;98.95928;359.3026;295.721;-0.002958064
/home/ashim/Desktop/udacity_ws/RoboND-Rover-Project/my_dataset/IMG/robocam_2017_10_14_16_24_01_813.jpg;0;0;0.5990374;4.679012;143.3655;98.7125;358.9153;295.7175;-0.003731126
/home/ashim/Desktop/udacity_ws/RoboND-Rover-Project/my_dataset/IMG/robocam_2017_10_14_16_24_01_880.jpg;0;0;0.7994671;4.55502;143.5197;98.3922;358.4702;295.7104;-0.003880183
/home/ashim/Desktop/udacity_ws/RoboND-Rover-Project/my_dataset/IMG/robocam_2017_10_14_16_24_01_947.jpg;0;0;1;4.454886;143.6338;98.15482;358.3922;295.7151;359.9923
/home/ashim/Desktop/udacity_ws/RoboND-Rover-Project/my_dataset/IMG/robocam_2017_10_14_16_24_02_013.jpg;0;0;1;4.288591;143.7463;97.92097;358.5044;295.717;359.9912
/home/ashim/Desktop/udacity_ws/RoboND-Rover-Project/my_dataset/IMG/robocam_2017_10_14_16_24_02_080.jpg;0;0;1;4.169115;143.893;97.61647;358.8776;295.6933;-0.003105104
/home/ashim/Desktop/udacity_ws/RoboND-Rover-Project/my_dataset/IMG/robocam_2017_10_14_16_24_02_147.jpg;0;0;1;3.95455;143.9947;97.40787;358.8292;295.7892;0.08881047
/home/ashim/Desktop/udacity_ws/RoboND-Rover-Project/my_dataset/IMG/robocam_2017_10_14_16_24_02_205.jpg;0;0;1;3.682436;144.0876;97.21227;358.5794;295.9122;0.03582362
/home/ashim/Desktop/udacity_ws/RoboND-Rover-Project/my_dataset/IMG/robocam_2017_10_14_16_24_02_248.jpg;0;0;1;3.643994;144.1476;97.08634;358.4509;295.9462;359.984
/home/ashim/Desktop/udacity_ws/RoboND-Rover-Project/my_dataset/IMG/robocam_2017_10_14_16_24_02_313.jpg;0;0;1;3.443211;144.2379;96.90173;358.3811;295.9824;0.009328693
/home/ashim/Desktop/udacity_ws/RoboND-Rover-Project/my_dataset/IMG/robocam_2017_10_14_16_24_02_380.jpg;0;0;1;3.323751;144.3546;96.6606;358.5688;296.02;359.9787
/home/ashim/Desktop/udacity_ws/RoboND-Rover-Project/my_dataset/IMG/robocam_2017_10_14_16_24_02_447.jpg;0;0;1;3.167197;144.4388;96.4893;358.7551;296.0468;0.0193459
/home/ashim/Desktop/udacity_ws/RoboND-Rover-Project/my_dataset/IMG/robocam_2017_10_14_16_24_02_513.jpg;0;0;1;2.939943;144.5151;96.33167;358.7393;296.094;0.00394168
/home/ashim/Desktop/udacity_ws/RoboND-Rover-Project/my_dataset/IMG/robocam_2017_10_14_16_24_02_581.jpg;0;0;1;2.724056;144.6079;96.14075;358.5167;296.1047;359.9927
/home/ashim/Desktop/udacity_ws/RoboND-Rover-Project/my_dataset/IMG/robocam_2017_10_14_16_24_02_647.jpg;0;0;1;2.608343;144.6747;96.00482;358.4547;296.0662;0.009544098
/home/ashim/Desktop/udacity_ws/RoboND-Rover-Project/my_dataset/IMG/robocam_2017_10_14_16_24_02_714.jpg;0;0;1;2.413839;144.7384;95.873;358.5529;296.0017;359.9792
/home/ashim/Desktop/udacity_ws/RoboND-Rover-Project/my_dataset/IMG/robocam_2017_10_14_16_24_02_781.jpg;0;0;1;2.298408;144.8184;95.70877;358.7362;296.0061;0.003996873
/home/ashim/Desktop/udacity_ws/RoboND-Rover-Project/my_dataset/IMG/robocam_2017_10_14_16_24_02_848.jpg;0;0;1;2.064532;144.8705;95.60075;358.6898;296.0325;-0.00413193
/home/ashim/Desktop/udacity_ws/RoboND-Rover-Project/my_dataset/IMG/robocam_2017_10_14_16_24_02_913.jpg;0;0;1;1.845105;144.9186;95.50186;358.6132;296.0299;-0.001582853
/home/ashim/Desktop/udacity_ws/RoboND-Rover-Project/my_dataset/IMG/robocam_2017_10_14_16_24_02_981.jpg;0;0;1;1.734552;144.9785;95.37854;358.6958;296.0233;0.0002287905
/home/ashim/Desktop/udacity_ws/RoboND-Rover-Project/my_dataset/IMG/robocam_2017_10_14_16_24_03_048.jpg;0;0;1;1.530004;145.0167;95.29953;358.6392;296.0596;-0.004171834
/home/ashim/Desktop/udacity_ws/RoboND-Rover-Project/my_dataset/IMG/robocam_2017_10_14_16_24_03_113.jpg;0;0;1;1.331961;145.0518;95.22736;358.6255;296.0699;-0.0007421694
/home/ashim/Desktop/udacity_ws/RoboND-Rover-Project/my_dataset/IMG/robocam_2017_10_14_16_24_03_180.jpg;0;0;1;1.203432;145.0921;95.14439;358.6165;296.0768;0.002316536
/home/ashim/Desktop/udacity_ws/RoboND-Rover-Project/my_dataset/IMG/robocam_2017_10_14_16_24_03_248.jpg;0;0;1;1.006192;145.1168;95.09276;358.5912;296.1225;-0.00390055
/home/ashim/Desktop/udacity_ws/RoboND-Rover-Project/my_dataset/IMG/robocam_2017_10_14_16_24_03_314.jpg;0;0;1;0.8202388;145.1381;95.04885;358.5794;296.1417;0.003447023
/home/ashim/Desktop/udacity_ws/RoboND-Rover-Project/my_dataset/IMG/robocam_2017_10_14_16_24_03_381.jpg;0;0;1;0.5882728;145.1556;95.01216;358.3962;296.1581;0.003321039
/home/ashim/Desktop/udacity_ws/RoboND-Rover-Project/my_dataset/IMG/robocam_2017_10_14_16_24_03_448.jpg;0;0;1;0.3699861;145.1624;94.997;358.2974;296.1797;359.9934
/home/ashim/Desktop/udacity_ws/RoboND-Rover-Project/my_dataset/IMG/robocam_2017_10_14_16_24_03_515.jpg;0;0;1;0.06498253;145.1643;94.99334;358.1743;296.2002;-0.00565504
/home/ashim/Desktop/udacity_ws/RoboND-Rover-Project/my_dataset/IMG/robocam_2017_10_14_16_24_03_582.jpg;0;0;1;-0.02826113;145.1644;94.99323;358.3492;296.2106;0.02061259
/home/ashim/Desktop/udacity_ws/RoboND-Rover-Project/my_dataset/IMG/robocam_2017_10_14_16_24_03_649.jpg;0;0;0;-0.1030101;145.1644;94.99318;358.8057;296.2087;0.0005576086
/home/ashim/Desktop/udacity_ws/RoboND-Rover-Project/my_dataset/IMG/robocam_2017_10_14_16_24_03_715.jpg;0;0;0;-0.1526098;145.1643;94.99339;359.3169;296.2086;359.9884
/home/ashim/Desktop/udacity_ws/RoboND-Rover-Project/my_dataset/IMG/robocam_2017_10_14_16_24_03_782.jpg;0;0;0;-0.1451237;145.1642;94.99363;359.9594;296.2088;359.9743
/home/ashim/Desktop/udacity_ws/RoboND-Rover-Project/my_dataset/IMG/robocam_2017_10_14_16_24_03_848.jpg;0;0;0;-0.1354809;145.1641;94.99379;0.4027501;296.209;359.9655
/home/ashim/Desktop/udacity_ws/RoboND-Rover-Project/my_dataset/IMG/robocam_2017_10_14_16_24_03_914.jpg;0;0;0;-0.1134625;145.1641;94.99391;0.7874222;296.2095;359.9778
/home/ashim/Desktop/udacity_ws/RoboND-Rover-Project/my_dataset/IMG/robocam_2017_10_14_16_24_03_981.jpg;0;0;0;-0.09394341;145.164;94.99401;1.185962;296.2086;0.0177101
/home/ashim/Desktop/udacity_ws/RoboND-Rover-Project/my_dataset/IMG/robocam_2017_10_14_16_24_04_048.jpg;0;0;0;-0.06463821;145.1636;94.99393;1.330593;296.2115;-0.004413385
/home/ashim/Desktop/udacity_ws/RoboND-Rover-Project/my_dataset/IMG/robocam_2017_10_14_16_24_04_114.jpg;0;0;0;0;145.1638;94.99406;1.279694;296.2114;0.008227628
/home/ashim/Desktop/udacity_ws/RoboND-Rover-Project/my_dataset/IMG/robocam_2017_10_14_16_24_04_181.jpg;0;0;0;0.03853354;145.1631;94.99365;1.073919;296.2112;0.003345059
